pools;management;var3;inventory.tipology;bef;basic.density
aboveground biomass;productive;stands;norway spruce;1.28879333731276;0.38
aboveground biomass;productive;stands;silver fir;1.339809152778;0.38
aboveground biomass;productive;stands;larches;1.21717611626435;0.56
aboveground biomass;productive;stands;mountain pines;1.33000436471078;0.47
aboveground biomass;productive;stands;mediterranean pines;1.52840017551015;0.53
aboveground biomass;productive;stands;other conifers;1.37138907819984;0.43
aboveground biomass;productive;stands;european beech;1.36347969537203;0.61
aboveground biomass;productive;stands;turkey oak;1.45455854471104;0.69
aboveground biomass;productive;stands;other oaks;1.42358521627059;0.67
aboveground biomass;productive;stands;other broadleaves;1.47391766687068;0.53
aboveground biomass;productive;coppices;european beech;1.36347969537203;0.61
aboveground biomass;productive;coppices;sweet chestnut;1.32935516597875;0.49
aboveground biomass;productive;coppices;hornbeams;1.28183736721126;0.66
aboveground biomass;productive;coppices;other oaks;1.39261188783013;0.65
aboveground biomass;productive;coppices;turkey oak;1.22816939941884;0.69
aboveground biomass;productive;coppices;evergreen oaks;1.45455854471104;0.72
aboveground biomass;productive;coppices;other broadleaves;1.5300248002959;0.53
aboveground biomass;productive;coppices;conifers;1.37792995513478;0.43
aboveground biomass;productive;plantations;eucaliptuses coppices;1.32935516597875;0.54
aboveground biomass;productive;plantations;other broadleaves coppices;1.45453892362807;0.53
aboveground biomass;productive;plantations;poplars stands;1.24075708439495;0.29
aboveground biomass;productive;plantations;other broadleaves stands;1.5300248002959;0.53
aboveground biomass;productive;plantations;conifers stands;1.40536608554038;0.43
aboveground biomass;productive;plantations;others;1.45879124900703;0.48
aboveground biomass;protective;other;rupicolous forest;1.43884130742445;0.5175
aboveground biomass;protective;other;riparian forest;1.38539094234543;0.41
aboveground biomass;protective;other;shrublands;1.49229167250347;0.625
aboveground biomass;NA;unstocked;gaps;0;0
