pools;management;var3;inventory.tipology;bef;basic.density
belowground biomass;productive;stands;norway spruce;0.289617832257424;0.38
belowground biomass;productive;stands;silver fir;0.283175339281834;0.38
belowground biomass;productive;stands;larches;0.287568665082563;0.56
belowground biomass;productive;stands;mountain pines;0.360575574960797;0.47
belowground biomass;productive;stands;mediterranean pines;0.332017345295228;0.53
belowground biomass;productive;stands;other conifers;0.290156049031681;0.43
belowground biomass;productive;stands;european beech;0.201495807602492;0.61
belowground biomass;productive;stands;turkey oak;0.243735772165005;0.69
belowground biomass;productive;stands;other oaks;0.20202309003214;0.67
belowground biomass;productive;stands;other broadleaves;0.239255287105931;0.53
belowground biomass;productive;coppices;european beech;0.201495807602492;0.61
belowground biomass;productive;coppices;sweet chestnut;0.276923076923077;0.49
belowground biomass;productive;coppices;hornbeams;0.260089686098655;0.66
belowground biomass;productive;coppices;other oaks;0.20202309003214;0.65
belowground biomass;productive;coppices;turkey oak;0.243735772165005;0.69
belowground biomass;productive;coppices;evergreen oaks;1.00238600556075;0.72
belowground biomass;productive;coppices;other broadleaves;0.239255287105931;0.53
belowground biomass;productive;coppices;conifers;0.290156049031681;0.43
belowground biomass;productive;plantations;eucaliptuses coppices;0.426666666666667;0.54
belowground biomass;productive;plantations;other broadleaves coppices;0.239255287105931;0.53
belowground biomass;productive;plantations;poplars stands;0.211085271317829;0.29
belowground biomass;productive;plantations;other broadleaves stands;0.239255287105931;0.53
belowground biomass;productive;plantations;conifers stands;0.290156049031681;0.43
belowground biomass;productive;plantations;others;0.281283712245608;0.48
belowground biomass;protective;other;rupicolous forest;0.422995462772611;0.5175
belowground biomass;protective;other;riparian forest;0.22517027921188;0.41
belowground biomass;protective;other;shrublands;0.620820646333342;0.625
belowground biomass;NA;unstocked;gaps;0;0
