var3;inventory.tipology;regione;peso
stands;norway spruce;Piemonte;8.55
stands;silver fir;Piemonte;6.74
stands;larches;Piemonte;3.82
stands;mountain pines;Piemonte;3.23
stands;mediterranean pines;Piemonte;1.8
stands;other conifers;Piemonte;2.05
stands;european beech;Piemonte;4.2
stands;turkey oak;Piemonte;2.54
stands;other oaks;Piemonte;4.46
stands;other broadleaves;Piemonte;5.91
coppices;european beech;Piemonte;4.2
coppices;sweet chestnut;Piemonte;16.18
coppices;hornbeams;Piemonte;3.33
coppices;other oaks;Piemonte;4.46
coppices;turkey oak;Piemonte;2.54
coppices;evergreen oaks;Piemonte;0
coppices;other broadleaves;Piemonte;2.955
coppices;conifers;Piemonte;2.05
plantations;eucaliptuses coppices;Piemonte;1.4
plantations;other broadleaves coppices;Piemonte;1.4
plantations;poplars stands;Piemonte;0.53
plantations;other broadleaves stands;Piemonte;1.4
plantations;conifers stands;Piemonte;3.35
plantations;others;Piemonte;16.18
other;rupicolous forest;Piemonte;3.33
other;riparian forest;Piemonte;5.09
other;shrublands;Piemonte;0.8466666666666667
unstocked;gaps;Piemonte;
stands;norway spruce;Valle_D_Aosta;8.2
stands;silver fir;Valle_D_Aosta;4.72
stands;larches;Valle_D_Aosta;3.42
stands;mountain pines;Valle_D_Aosta;2.3200000000000003
stands;mediterranean pines;Valle_D_Aosta;0
stands;other conifers;Valle_D_Aosta;0
stands;european beech;Valle_D_Aosta;5.15
stands;turkey oak;Valle_D_Aosta;0
stands;other oaks;Valle_D_Aosta;3.56
stands;other broadleaves;Valle_D_Aosta;3.31
coppices;european beech;Valle_D_Aosta;5.15
coppices;sweet chestnut;Valle_D_Aosta;8.77
coppices;hornbeams;Valle_D_Aosta;0
coppices;other oaks;Valle_D_Aosta;3.56
coppices;turkey oak;Valle_D_Aosta;0
coppices;evergreen oaks;Valle_D_Aosta;0
coppices;other broadleaves;Valle_D_Aosta;1.655
coppices;conifers;Valle_D_Aosta;0
plantations;eucaliptuses coppices;Valle_D_Aosta;0
plantations;other broadleaves coppices;Valle_D_Aosta;0
plantations;poplars stands;Valle_D_Aosta;0
plantations;other broadleaves stands;Valle_D_Aosta;0
plantations;conifers stands;Valle_D_Aosta;0
plantations;others;Valle_D_Aosta;8.77
other;rupicolous forest;Valle_D_Aosta;0
other;riparian forest;Valle_D_Aosta;8.22
other;shrublands;Valle_D_Aosta;0
unstocked;gaps;Valle_D_Aosta;
stands;norway spruce;Lombardia;7.14
stands;silver fir;Lombardia;6.27
stands;larches;Lombardia;4.01
stands;mountain pines;Lombardia;6.6850000000000005
stands;mediterranean pines;Lombardia;0
stands;other conifers;Lombardia;12.6
stands;european beech;Lombardia;2.59
stands;turkey oak;Lombardia;1.23
stands;other oaks;Lombardia;4.51
stands;other broadleaves;Lombardia;5.62
coppices;european beech;Lombardia;2.59
coppices;sweet chestnut;Lombardia;12.45
coppices;hornbeams;Lombardia;2.2600000000000002
coppices;other oaks;Lombardia;4.51
coppices;turkey oak;Lombardia;1.23
coppices;evergreen oaks;Lombardia;0
coppices;other broadleaves;Lombardia;3.59
coppices;conifers;Lombardia;12.6
plantations;eucaliptuses coppices;Lombardia;0
plantations;other broadleaves coppices;Lombardia;0
plantations;poplars stands;Lombardia;0.09
plantations;other broadleaves stands;Lombardia;0
plantations;conifers stands;Lombardia;2.04
plantations;others;Lombardia;12.45
other;rupicolous forest;Lombardia;2.2600000000000002
other;riparian forest;Lombardia;7.31
other;shrublands;Lombardia;0.93
unstocked;gaps;Lombardia;
stands;norway spruce;Alto_Adige;5.34
stands;silver fir;Alto_Adige;4.35
stands;larches;Alto_Adige;3.79
stands;mountain pines;Alto_Adige;2.505
stands;mediterranean pines;Alto_Adige;0
stands;other conifers;Alto_Adige;0
stands;european beech;Alto_Adige;7.88
stands;turkey oak;Alto_Adige;0
stands;other oaks;Alto_Adige;2.79
stands;other broadleaves;Alto_Adige;2.75
coppices;european beech;Alto_Adige;7.88
coppices;sweet chestnut;Alto_Adige;21.49
coppices;hornbeams;Alto_Adige;5.88
coppices;other oaks;Alto_Adige;2.79
coppices;turkey oak;Alto_Adige;0
coppices;evergreen oaks;Alto_Adige;0
coppices;other broadleaves;Alto_Adige;1.375
coppices;conifers;Alto_Adige;0
plantations;eucaliptuses coppices;Alto_Adige;0
plantations;other broadleaves coppices;Alto_Adige;0
plantations;poplars stands;Alto_Adige;0
plantations;other broadleaves stands;Alto_Adige;0
plantations;conifers stands;Alto_Adige;0
plantations;others;Alto_Adige;21.49
other;rupicolous forest;Alto_Adige;5.88
other;riparian forest;Alto_Adige;3.39
other;shrublands;Alto_Adige;0
unstocked;gaps;Alto_Adige;
stands;norway spruce;Trentino;6.79
stands;silver fir;Trentino;8.4
stands;larches;Trentino;4.74
stands;mountain pines;Trentino;1.455
stands;mediterranean pines;Trentino;0
stands;other conifers;Trentino;0
stands;european beech;Trentino;5
stands;turkey oak;Trentino;0
stands;other oaks;Trentino;2.95
stands;other broadleaves;Trentino;6.85
coppices;european beech;Trentino;5
coppices;sweet chestnut;Trentino;7.85
coppices;hornbeams;Trentino;2.62
coppices;other oaks;Trentino;2.95
coppices;turkey oak;Trentino;0
coppices;evergreen oaks;Trentino;1.68
coppices;other broadleaves;Trentino;3.4250000000000003
coppices;conifers;Trentino;0
plantations;eucaliptuses coppices;Trentino;0
plantations;other broadleaves coppices;Trentino;0
plantations;poplars stands;Trentino;0
plantations;other broadleaves stands;Trentino;0
plantations;conifers stands;Trentino;0
plantations;others;Trentino;7.85
other;rupicolous forest;Trentino;2.62
other;riparian forest;Trentino;7.94
other;shrublands;Trentino;0.5599999999999999
unstocked;gaps;Trentino;
stands;norway spruce;Veneto;5.67
stands;silver fir;Veneto;12
stands;larches;Veneto;2.25
stands;mountain pines;Veneto;2.8049999999999997
stands;mediterranean pines;Veneto;4.63
stands;other conifers;Veneto;0
stands;european beech;Veneto;5.21
stands;turkey oak;Veneto;0.28
stands;other oaks;Veneto;4.7700000000000005
stands;other broadleaves;Veneto;4.47
coppices;european beech;Veneto;5.21
coppices;sweet chestnut;Veneto;15.64
coppices;hornbeams;Veneto;3.33
coppices;other oaks;Veneto;4.7700000000000005
coppices;turkey oak;Veneto;0.28
coppices;evergreen oaks;Veneto;2.73
coppices;other broadleaves;Veneto;2.235
coppices;conifers;Veneto;0
plantations;eucaliptuses coppices;Veneto;0.32
plantations;other broadleaves coppices;Veneto;0.32
plantations;poplars stands;Veneto;3.75
plantations;other broadleaves stands;Veneto;0.32
plantations;conifers stands;Veneto;0
plantations;others;Veneto;15.64
other;rupicolous forest;Veneto;3.33
other;riparian forest;Veneto;3.59
other;shrublands;Veneto;1.0033333333333332
unstocked;gaps;Veneto;
stands;norway spruce;Friuli_Venezia_Giulia;6.89
stands;silver fir;Friuli_Venezia_Giulia;13.87
stands;larches;Friuli_Venezia_Giulia;3.68
stands;mountain pines;Friuli_Venezia_Giulia;4.89
stands;mediterranean pines;Friuli_Venezia_Giulia;0
stands;other conifers;Friuli_Venezia_Giulia;3.43
stands;european beech;Friuli_Venezia_Giulia;4.75
stands;turkey oak;Friuli_Venezia_Giulia;0
stands;other oaks;Friuli_Venezia_Giulia;8.120000000000001
stands;other broadleaves;Friuli_Venezia_Giulia;4.88
coppices;european beech;Friuli_Venezia_Giulia;4.75
coppices;sweet chestnut;Friuli_Venezia_Giulia;11.32
coppices;hornbeams;Friuli_Venezia_Giulia;4.34
coppices;other oaks;Friuli_Venezia_Giulia;8.120000000000001
coppices;turkey oak;Friuli_Venezia_Giulia;0
coppices;evergreen oaks;Friuli_Venezia_Giulia;0
coppices;other broadleaves;Friuli_Venezia_Giulia;2.44
coppices;conifers;Friuli_Venezia_Giulia;3.43
plantations;eucaliptuses coppices;Friuli_Venezia_Giulia;3.22
plantations;other broadleaves coppices;Friuli_Venezia_Giulia;3.22
plantations;poplars stands;Friuli_Venezia_Giulia;0.54
plantations;other broadleaves stands;Friuli_Venezia_Giulia;3.22
plantations;conifers stands;Friuli_Venezia_Giulia;0.31
plantations;others;Friuli_Venezia_Giulia;11.32
other;rupicolous forest;Friuli_Venezia_Giulia;4.34
other;riparian forest;Friuli_Venezia_Giulia;3.87
other;shrublands;Friuli_Venezia_Giulia;0
unstocked;gaps;Friuli_Venezia_Giulia;
stands;norway spruce;Liguria;2.87
stands;silver fir;Liguria;10.37
stands;larches;Liguria;24.37
stands;mountain pines;Liguria;6.654999999999999
stands;mediterranean pines;Liguria;8.26
stands;other conifers;Liguria;11.81
stands;european beech;Liguria;4.3100000000000005
stands;turkey oak;Liguria;7.23
stands;other oaks;Liguria;4.34
stands;other broadleaves;Liguria;6.16
coppices;european beech;Liguria;4.3100000000000005
coppices;sweet chestnut;Liguria;14.26
coppices;hornbeams;Liguria;5.8
coppices;other oaks;Liguria;4.34
coppices;turkey oak;Liguria;7.23
coppices;evergreen oaks;Liguria;4.49
coppices;other broadleaves;Liguria;3.08
coppices;conifers;Liguria;11.81
plantations;eucaliptuses coppices;Liguria;0
plantations;other broadleaves coppices;Liguria;0
plantations;poplars stands;Liguria;0.17
plantations;other broadleaves stands;Liguria;0
plantations;conifers stands;Liguria;0
plantations;others;Liguria;14.26
other;rupicolous forest;Liguria;5.8
other;riparian forest;Liguria;9.31
other;shrublands;Liguria;3.9066666666666667
unstocked;gaps;Liguria;
stands;norway spruce;Emilia_Romagna;6.94
stands;silver fir;Emilia_Romagna;8.32
stands;larches;Emilia_Romagna;0
stands;mountain pines;Emilia_Romagna;2.935
stands;mediterranean pines;Emilia_Romagna;3.33
stands;other conifers;Emilia_Romagna;3.5
stands;european beech;Emilia_Romagna;3.66
stands;turkey oak;Emilia_Romagna;3.31
stands;other oaks;Emilia_Romagna;0.99
stands;other broadleaves;Emilia_Romagna;3.38
coppices;european beech;Emilia_Romagna;3.66
coppices;sweet chestnut;Emilia_Romagna;15.58
coppices;hornbeams;Emilia_Romagna;2.93
coppices;other oaks;Emilia_Romagna;0.99
coppices;turkey oak;Emilia_Romagna;3.31
coppices;evergreen oaks;Emilia_Romagna;11.08
coppices;other broadleaves;Emilia_Romagna;1.69
coppices;conifers;Emilia_Romagna;3.5
plantations;eucaliptuses coppices;Emilia_Romagna;0.77
plantations;other broadleaves coppices;Emilia_Romagna;0.77
plantations;poplars stands;Emilia_Romagna;0.01
plantations;other broadleaves stands;Emilia_Romagna;0.77
plantations;conifers stands;Emilia_Romagna;5.37
plantations;others;Emilia_Romagna;15.58
other;rupicolous forest;Emilia_Romagna;2.93
other;riparian forest;Emilia_Romagna;6.25
other;shrublands;Emilia_Romagna;4.796666666666667
unstocked;gaps;Emilia_Romagna;
stands;norway spruce;Toscana;21.91
stands;silver fir;Toscana;12.43
stands;larches;Toscana;0
stands;mountain pines;Toscana;9.745000000000001
stands;mediterranean pines;Toscana;4.29
stands;other conifers;Toscana;8.51
stands;european beech;Toscana;4.76
stands;turkey oak;Toscana;2.5100000000000002
stands;other oaks;Toscana;1.86
stands;other broadleaves;Toscana;3.7
coppices;european beech;Toscana;4.76
coppices;sweet chestnut;Toscana;15.66
coppices;hornbeams;Toscana;6.98
coppices;other oaks;Toscana;1.86
coppices;turkey oak;Toscana;2.5100000000000002
coppices;evergreen oaks;Toscana;2.04
coppices;other broadleaves;Toscana;2.0300000000000002
coppices;conifers;Toscana;8.51
plantations;eucaliptuses coppices;Toscana;0
plantations;other broadleaves coppices;Toscana;0
plantations;poplars stands;Toscana;0
plantations;other broadleaves stands;Toscana;0
plantations;conifers stands;Toscana;4.48
plantations;others;Toscana;15.66
other;rupicolous forest;Toscana;6.98
other;riparian forest;Toscana;5.11
other;shrublands;Toscana;1.6366666666666667
unstocked;gaps;Toscana;
stands;norway spruce;Umbria;0
stands;silver fir;Umbria;0
stands;larches;Umbria;0
stands;mountain pines;Umbria;2.295
stands;mediterranean pines;Umbria;2.2600000000000002
stands;other conifers;Umbria;3.3
stands;european beech;Umbria;2.52
stands;turkey oak;Umbria;1.34
stands;other oaks;Umbria;0.85
stands;other broadleaves;Umbria;3.39
coppices;european beech;Umbria;2.52
coppices;sweet chestnut;Umbria;9.700000000000001
coppices;hornbeams;Umbria;0.5700000000000001
coppices;other oaks;Umbria;0.85
coppices;turkey oak;Umbria;1.34
coppices;evergreen oaks;Umbria;1.98
coppices;other broadleaves;Umbria;1.695
coppices;conifers;Umbria;3.3
plantations;eucaliptuses coppices;Umbria;0
plantations;other broadleaves coppices;Umbria;0
plantations;poplars stands;Umbria;0
plantations;other broadleaves stands;Umbria;0
plantations;conifers stands;Umbria;0
plantations;others;Umbria;9.700000000000001
other;rupicolous forest;Umbria;0.5700000000000001
other;riparian forest;Umbria;2.96
other;shrublands;Umbria;1.1066666666666667
unstocked;gaps;Umbria;
stands;norway spruce;Marche;1.9
stands;silver fir;Marche;0
stands;larches;Marche;0
stands;mountain pines;Marche;1.46
stands;mediterranean pines;Marche;9.63
stands;other conifers;Marche;0.51
stands;european beech;Marche;1.42
stands;turkey oak;Marche;0.87
stands;other oaks;Marche;0.82
stands;other broadleaves;Marche;1.65
coppices;european beech;Marche;1.42
coppices;sweet chestnut;Marche;10.73
coppices;hornbeams;Marche;0.89
coppices;other oaks;Marche;0.82
coppices;turkey oak;Marche;0.87
coppices;evergreen oaks;Marche;0.48
coppices;other broadleaves;Marche;0.8250000000000001
coppices;conifers;Marche;0.51
plantations;eucaliptuses coppices;Marche;1.27
plantations;other broadleaves coppices;Marche;1.27
plantations;poplars stands;Marche;0
plantations;other broadleaves stands;Marche;1.27
plantations;conifers stands;Marche;0
plantations;others;Marche;10.73
other;rupicolous forest;Marche;0.89
other;riparian forest;Marche;5.8
other;shrublands;Marche;0.45
unstocked;gaps;Marche;
stands;norway spruce;Lazio;0.06
stands;silver fir;Lazio;0
stands;larches;Lazio;0
stands;mountain pines;Lazio;1.18
stands;mediterranean pines;Lazio;3.41
stands;other conifers;Lazio;9.14
stands;european beech;Lazio;1.68
stands;turkey oak;Lazio;1.44
stands;other oaks;Lazio;0.75
stands;other broadleaves;Lazio;1.2
coppices;european beech;Lazio;1.68
coppices;sweet chestnut;Lazio;7.98
coppices;hornbeams;Lazio;1.7
coppices;other oaks;Lazio;0.75
coppices;turkey oak;Lazio;1.44
coppices;evergreen oaks;Lazio;1.41
coppices;other broadleaves;Lazio;0.705
coppices;conifers;Lazio;9.14
plantations;eucaliptuses coppices;Lazio;1.82
plantations;other broadleaves coppices;Lazio;1.82
plantations;poplars stands;Lazio;0
plantations;other broadleaves stands;Lazio;1.82
plantations;conifers stands;Lazio;0
plantations;others;Lazio;7.98
other;rupicolous forest;Lazio;1.7
other;riparian forest;Lazio;3.24
other;shrublands;Lazio;1.0199999999999998
unstocked;gaps;Lazio;
stands;norway spruce;Abruzzo;5.05
stands;silver fir;Abruzzo;3.41
stands;larches;Abruzzo;0
stands;mountain pines;Abruzzo;2.8550000000000004
stands;mediterranean pines;Abruzzo;4.0200000000000005
stands;other conifers;Abruzzo;0.64
stands;european beech;Abruzzo;2.4
stands;turkey oak;Abruzzo;1.21
stands;other oaks;Abruzzo;0.87
stands;other broadleaves;Abruzzo;0.94
coppices;european beech;Abruzzo;2.4
coppices;sweet chestnut;Abruzzo;7.43
coppices;hornbeams;Abruzzo;1.64
coppices;other oaks;Abruzzo;0.87
coppices;turkey oak;Abruzzo;1.21
coppices;evergreen oaks;Abruzzo;0.22
coppices;other broadleaves;Abruzzo;0.47
coppices;conifers;Abruzzo;0.64
plantations;eucaliptuses coppices;Abruzzo;0
plantations;other broadleaves coppices;Abruzzo;0
plantations;poplars stands;Abruzzo;6.54
plantations;other broadleaves stands;Abruzzo;0
plantations;conifers stands;Abruzzo;0
plantations;others;Abruzzo;7.43
other;rupicolous forest;Abruzzo;1.64
other;riparian forest;Abruzzo;5.69
other;shrublands;Abruzzo;0.4766666666666666
unstocked;gaps;Abruzzo;
stands;norway spruce;Molise;0
stands;silver fir;Molise;1.55
stands;larches;Molise;0
stands;mountain pines;Molise;0.585
stands;mediterranean pines;Molise;0
stands;other conifers;Molise;0
stands;european beech;Molise;2.33
stands;turkey oak;Molise;1.1300000000000001
stands;other oaks;Molise;2.35
stands;other broadleaves;Molise;2.27
coppices;european beech;Molise;2.33
coppices;sweet chestnut;Molise;8.96
coppices;hornbeams;Molise;2.56
coppices;other oaks;Molise;2.35
coppices;turkey oak;Molise;1.1300000000000001
coppices;evergreen oaks;Molise;0
coppices;other broadleaves;Molise;1.135
coppices;conifers;Molise;0
plantations;eucaliptuses coppices;Molise;0
plantations;other broadleaves coppices;Molise;0
plantations;poplars stands;Molise;10.16
plantations;other broadleaves stands;Molise;0
plantations;conifers stands;Molise;0
plantations;others;Molise;8.96
other;rupicolous forest;Molise;2.56
other;riparian forest;Molise;4.42
other;shrublands;Molise;0.3766666666666667
unstocked;gaps;Molise;
stands;norway spruce;Campania;0
stands;silver fir;Campania;0
stands;larches;Campania;0
stands;mountain pines;Campania;1.375
stands;mediterranean pines;Campania;0.72
stands;other conifers;Campania;0.81
stands;european beech;Campania;1.24
stands;turkey oak;Campania;0.72
stands;other oaks;Campania;0.94
stands;other broadleaves;Campania;1.02
coppices;european beech;Campania;1.24
coppices;sweet chestnut;Campania;4.01
coppices;hornbeams;Campania;1.02
coppices;other oaks;Campania;0.94
coppices;turkey oak;Campania;0.72
coppices;evergreen oaks;Campania;1.88
coppices;other broadleaves;Campania;0.51
coppices;conifers;Campania;0.81
plantations;eucaliptuses coppices;Campania;1.07
plantations;other broadleaves coppices;Campania;1.07
plantations;poplars stands;Campania;0.54
plantations;other broadleaves stands;Campania;1.07
plantations;conifers stands;Campania;0
plantations;others;Campania;4.01
other;rupicolous forest;Campania;1.02
other;riparian forest;Campania;4.25
other;shrublands;Campania;0.8666666666666667
unstocked;gaps;Campania;
stands;norway spruce;Puglia;0
stands;silver fir;Puglia;0
stands;larches;Puglia;0
stands;mountain pines;Puglia;0.8250000000000001
stands;mediterranean pines;Puglia;0.91
stands;other conifers;Puglia;2.85
stands;european beech;Puglia;2.6
stands;turkey oak;Puglia;0.45
stands;other oaks;Puglia;0.89
stands;other broadleaves;Puglia;1.21
coppices;european beech;Puglia;2.6
coppices;sweet chestnut;Puglia;1.03
coppices;hornbeams;Puglia;0.87
coppices;other oaks;Puglia;0.89
coppices;turkey oak;Puglia;0.45
coppices;evergreen oaks;Puglia;0.3
coppices;other broadleaves;Puglia;1.075
coppices;conifers;Puglia;2.85
plantations;eucaliptuses coppices;Puglia;0.6
plantations;other broadleaves coppices;Puglia;0.6
plantations;poplars stands;Puglia;0
plantations;other broadleaves stands;Puglia;0.6
plantations;conifers stands;Puglia;4.9
plantations;others;Puglia;1.03
other;rupicolous forest;Puglia;0.87
other;riparian forest;Puglia;0
other;shrublands;Puglia;0.5633333333333334
unstocked;gaps;Puglia;
stands;norway spruce;Basilicata;0
stands;silver fir;Basilicata;6.84
stands;larches;Basilicata;0
stands;mountain pines;Basilicata;0.755
stands;mediterranean pines;Basilicata;0.85
stands;other conifers;Basilicata;5.56
stands;european beech;Basilicata;1.1
stands;turkey oak;Basilicata;0.91
stands;other oaks;Basilicata;0.3
stands;other broadleaves;Basilicata;0.41
coppices;european beech;Basilicata;1.1
coppices;sweet chestnut;Basilicata;5.47
coppices;hornbeams;Basilicata;2.11
coppices;other oaks;Basilicata;0.3
coppices;turkey oak;Basilicata;0.91
coppices;evergreen oaks;Basilicata;0.35
coppices;other broadleaves;Basilicata;0.41
coppices;conifers;Basilicata;5.56
plantations;eucaliptuses coppices;Basilicata;0
plantations;other broadleaves coppices;Basilicata;0
plantations;poplars stands;Basilicata;0
plantations;other broadleaves stands;Basilicata;0
plantations;conifers stands;Basilicata;1.69
plantations;others;Basilicata;5.47
other;rupicolous forest;Basilicata;2.11
other;riparian forest;Basilicata;0.92
other;shrublands;Basilicata;0.5566666666666666
unstocked;gaps;Basilicata;
stands;norway spruce;Calabria;0
stands;silver fir;Calabria;1.43
stands;larches;Calabria;0
stands;mountain pines;Calabria;2.065
stands;mediterranean pines;Calabria;4.26
stands;other conifers;Calabria;6.42
stands;european beech;Calabria;2.35
stands;turkey oak;Calabria;1.96
stands;other oaks;Calabria;1.05
stands;other broadleaves;Calabria;1.08
coppices;european beech;Calabria;2.35
coppices;sweet chestnut;Calabria;7.8
coppices;hornbeams;Calabria;0.21
coppices;other oaks;Calabria;1.05
coppices;turkey oak;Calabria;1.96
coppices;evergreen oaks;Calabria;1.04
coppices;other broadleaves;Calabria;1.17
coppices;conifers;Calabria;6.42
plantations;eucaliptuses coppices;Calabria;0
plantations;other broadleaves coppices;Calabria;0
plantations;poplars stands;Calabria;0.59
plantations;other broadleaves stands;Calabria;0
plantations;conifers stands;Calabria;12.37
plantations;others;Calabria;7.8
other;rupicolous forest;Calabria;0.21
other;riparian forest;Calabria;2.58
other;shrublands;Calabria;1.42
unstocked;gaps;Calabria;
stands;norway spruce;Sicilia;0
stands;silver fir;Sicilia;0
stands;larches;Sicilia;0
stands;mountain pines;Sicilia;0.845
stands;mediterranean pines;Sicilia;0.55
stands;other conifers;Sicilia;4.0600000000000005
stands;european beech;Sicilia;0.94
stands;turkey oak;Sicilia;0.79
stands;other oaks;Sicilia;1.4
stands;other broadleaves;Sicilia;1.94
coppices;european beech;Sicilia;0.94
coppices;sweet chestnut;Sicilia;7.62
coppices;hornbeams;Sicilia;1.49
coppices;other oaks;Sicilia;1.4
coppices;turkey oak;Sicilia;0.79
coppices;evergreen oaks;Sicilia;0.93
coppices;other broadleaves;Sicilia;1.7349999999999999
coppices;conifers;Sicilia;4.0600000000000005
plantations;eucaliptuses coppices;Sicilia;0.11
plantations;other broadleaves coppices;Sicilia;0.11
plantations;poplars stands;Sicilia;0
plantations;other broadleaves stands;Sicilia;0.11
plantations;conifers stands;Sicilia;0
plantations;others;Sicilia;7.62
other;rupicolous forest;Sicilia;1.49
other;riparian forest;Sicilia;3.2
other;shrublands;Sicilia;1.0833333333333333
unstocked;gaps;Sicilia;
stands;norway spruce;Sardegna;0
stands;silver fir;Sardegna;0
stands;larches;Sardegna;0
stands;mountain pines;Sardegna;0.04
stands;mediterranean pines;Sardegna;0.25
stands;other conifers;Sardegna;0.26
stands;european beech;Sardegna;0
stands;turkey oak;Sardegna;0
stands;other oaks;Sardegna;0.52
stands;other broadleaves;Sardegna;0.06
coppices;european beech;Sardegna;0
coppices;sweet chestnut;Sardegna;11.73
coppices;hornbeams;Sardegna;0
coppices;other oaks;Sardegna;0.52
coppices;turkey oak;Sardegna;0
coppices;evergreen oaks;Sardegna;0.91
coppices;other broadleaves;Sardegna;0.9650000000000001
coppices;conifers;Sardegna;0.26
plantations;eucaliptuses coppices;Sardegna;0.54
plantations;other broadleaves coppices;Sardegna;0.54
plantations;poplars stands;Sardegna;0
plantations;other broadleaves stands;Sardegna;0.54
plantations;conifers stands;Sardegna;1.03
plantations;others;Sardegna;11.73
other;rupicolous forest;Sardegna;0
other;riparian forest;Sardegna;0.64
other;shrublands;Sardegna;0.9266666666666667
unstocked;gaps;Sardegna;
stands;norway spruce;Italia;6.36
stands;silver fir;Italia;7.77
stands;larches;Italia;3.83
stands;mountain pines;Italia;4.385
stands;mediterranean pines;Italia;2.67
stands;other conifers;Italia;4.29
stands;european beech;Italia;3.35
stands;turkey oak;Italia;1.77
stands;other oaks;Italia;1.69
stands;other broadleaves;Italia;3.99
coppices;european beech;Italia;3.35
coppices;sweet chestnut;Italia;12.99
coppices;hornbeams;Italia;2.73
coppices;other oaks;Italia;1.69
coppices;turkey oak;Italia;1.77
coppices;evergreen oaks;Italia;1.37
coppices;other broadleaves;Italia;2.6900000000000004
coppices;conifers;Italia;4.29
plantations;eucaliptuses coppices;Italia;0.67
plantations;other broadleaves coppices;Italia;0.67
plantations;poplars stands;Italia;0.48
plantations;other broadleaves stands;Italia;0.67
plantations;conifers stands;Italia;3.04
plantations;others;Italia;12.99
other;rupicolous forest;Italia;2.73
other;riparian forest;Italia;4.79
other;shrublands;Italia;1.51
unstocked;gaps;Italia;
