var3;inventory.tipology;percent.drain.grazing
stands;norway spruce;0
stands;silver fir;0
stands;larches;0
stands;mountain pines;0
stands;mediterranean pines;0
stands;other conifers;0
stands;european beech;0
stands;turkey oak;0
stands;other oaks;0
stands;other broadleaves;0
coppices;european beech;0
coppices;sweet chestnut;0
coppices;hornbeams;0
coppices;other oaks;0
coppices;turkey oak;0
coppices;evergreen oaks;0
coppices;other broadleaves;0
coppices;conifers;0
plantations;eucaliptuses coppices;0
plantations;other broadleaves coppices;0
plantations;poplars stands;0
plantations;other broadleaves stands;0
plantations;conifers stands;0
plantations;others;0
other;rupicolous forest;3
other;riparian forest;3
other;shrublands;3
unstocked;gaps;NA
