var3;inventory.tipology;regione;carbonio.organico.lettiera
stands;norway spruce;Piemonte;5.25
stands;silver fir;Piemonte;1.91
stands;larches;Piemonte;2.89
stands;mountain pines;Piemonte;6.199999999999999
stands;mediterranean pines;Piemonte;3.01
stands;other conifers;Piemonte;1.9
stands;european beech;Piemonte;3.86
stands;turkey oak;Piemonte;2.46
stands;other oaks;Piemonte;1.38
stands;other broadleaves;Piemonte;2.39
coppices;european beech;Piemonte;3.86
coppices;sweet chestnut;Piemonte;2.75
coppices;hornbeams;Piemonte;3.9
coppices;other oaks;Piemonte;1.38
coppices;turkey oak;Piemonte;2.46
coppices;evergreen oaks;Piemonte;0
coppices;other broadleaves;Piemonte;1.195
coppices;conifers;Piemonte;1.9
plantations;eucaliptuses coppices;Piemonte;1.49
plantations;other broadleaves coppices;Piemonte;1.49
plantations;poplars stands;Piemonte;2.36
plantations;other broadleaves stands;Piemonte;1.49
plantations;conifers stands;Piemonte;4.13
plantations;others;Piemonte;2.75
other;rupicolous forest;Piemonte;3.9
other;riparian forest;Piemonte;1.5
other;shrublands;Piemonte;0.82
unstocked;gaps;Piemonte;
stands;norway spruce;Valle_D_Aosta;4.35
stands;silver fir;Valle_D_Aosta;2.59
stands;larches;Valle_D_Aosta;8.63
stands;mountain pines;Valle_D_Aosta;6.25
stands;mediterranean pines;Valle_D_Aosta;0
stands;other conifers;Valle_D_Aosta;0
stands;european beech;Valle_D_Aosta;4.56
stands;turkey oak;Valle_D_Aosta;0
stands;other oaks;Valle_D_Aosta;2.94
stands;other broadleaves;Valle_D_Aosta;3.28
coppices;european beech;Valle_D_Aosta;4.56
coppices;sweet chestnut;Valle_D_Aosta;1.9
coppices;hornbeams;Valle_D_Aosta;0
coppices;other oaks;Valle_D_Aosta;2.94
coppices;turkey oak;Valle_D_Aosta;0
coppices;evergreen oaks;Valle_D_Aosta;0
coppices;other broadleaves;Valle_D_Aosta;1.64
coppices;conifers;Valle_D_Aosta;0
plantations;eucaliptuses coppices;Valle_D_Aosta;0
plantations;other broadleaves coppices;Valle_D_Aosta;0
plantations;poplars stands;Valle_D_Aosta;0
plantations;other broadleaves stands;Valle_D_Aosta;0
plantations;conifers stands;Valle_D_Aosta;0
plantations;others;Valle_D_Aosta;1.9
other;rupicolous forest;Valle_D_Aosta;0
other;riparian forest;Valle_D_Aosta;4.38
other;shrublands;Valle_D_Aosta;0
unstocked;gaps;Valle_D_Aosta;
stands;norway spruce;Lombardia;17.32
stands;silver fir;Lombardia;5.44
stands;larches;Lombardia;4.94
stands;mountain pines;Lombardia;4.88
stands;mediterranean pines;Lombardia;0
stands;other conifers;Lombardia;2.91
stands;european beech;Lombardia;4.11
stands;turkey oak;Lombardia;2.26
stands;other oaks;Lombardia;3.15
stands;other broadleaves;Lombardia;2.37
coppices;european beech;Lombardia;4.11
coppices;sweet chestnut;Lombardia;3.26
coppices;hornbeams;Lombardia;1.56
coppices;other oaks;Lombardia;3.15
coppices;turkey oak;Lombardia;2.26
coppices;evergreen oaks;Lombardia;0
coppices;other broadleaves;Lombardia;1.2650000000000001
coppices;conifers;Lombardia;2.91
plantations;eucaliptuses coppices;Lombardia;0.51
plantations;other broadleaves coppices;Lombardia;0.51
plantations;poplars stands;Lombardia;0.69
plantations;other broadleaves stands;Lombardia;0.51
plantations;conifers stands;Lombardia;1.42
plantations;others;Lombardia;3.26
other;rupicolous forest;Lombardia;1.56
other;riparian forest;Lombardia;2.3
other;shrublands;Lombardia;0.8066666666666666
unstocked;gaps;Lombardia;
stands;norway spruce;Alto_Adige;10.92
stands;silver fir;Alto_Adige;6.55
stands;larches;Alto_Adige;8.86
stands;mountain pines;Alto_Adige;4.45
stands;mediterranean pines;Alto_Adige;0
stands;other conifers;Alto_Adige;3.03
stands;european beech;Alto_Adige;8.32
stands;turkey oak;Alto_Adige;0
stands;other oaks;Alto_Adige;4.21
stands;other broadleaves;Alto_Adige;3.6
coppices;european beech;Alto_Adige;8.32
coppices;sweet chestnut;Alto_Adige;4.33
coppices;hornbeams;Alto_Adige;4.26
coppices;other oaks;Alto_Adige;4.21
coppices;turkey oak;Alto_Adige;0
coppices;evergreen oaks;Alto_Adige;0
coppices;other broadleaves;Alto_Adige;1.8
coppices;conifers;Alto_Adige;3.03
plantations;eucaliptuses coppices;Alto_Adige;0
plantations;other broadleaves coppices;Alto_Adige;0
plantations;poplars stands;Alto_Adige;0
plantations;other broadleaves stands;Alto_Adige;0
plantations;conifers stands;Alto_Adige;0
plantations;others;Alto_Adige;4.33
other;rupicolous forest;Alto_Adige;4.26
other;riparian forest;Alto_Adige;3.14
other;shrublands;Alto_Adige;0
unstocked;gaps;Alto_Adige;
stands;norway spruce;Trentino;5.54
stands;silver fir;Trentino;10.49
stands;larches;Trentino;11.29
stands;mountain pines;Trentino;8.66
stands;mediterranean pines;Trentino;0
stands;other conifers;Trentino;0
stands;european beech;Trentino;9.33
stands;turkey oak;Trentino;0
stands;other oaks;Trentino;5.47
stands;other broadleaves;Trentino;5.03
coppices;european beech;Trentino;9.33
coppices;sweet chestnut;Trentino;5.57
coppices;hornbeams;Trentino;4.92
coppices;other oaks;Trentino;5.47
coppices;turkey oak;Trentino;0
coppices;evergreen oaks;Trentino;7.77
coppices;other broadleaves;Trentino;2.515
coppices;conifers;Trentino;0
plantations;eucaliptuses coppices;Trentino;0
plantations;other broadleaves coppices;Trentino;0
plantations;poplars stands;Trentino;0
plantations;other broadleaves stands;Trentino;0
plantations;conifers stands;Trentino;0
plantations;others;Trentino;5.57
other;rupicolous forest;Trentino;4.92
other;riparian forest;Trentino;5.11
other;shrublands;Trentino;2.59
unstocked;gaps;Trentino;
stands;norway spruce;Veneto;6.46
stands;silver fir;Veneto;6.1
stands;larches;Veneto;5.02
stands;mountain pines;Veneto;7.265
stands;mediterranean pines;Veneto;7.18
stands;other conifers;Veneto;0
stands;european beech;Veneto;4.03
stands;turkey oak;Veneto;2.27
stands;other oaks;Veneto;3.43
stands;other broadleaves;Veneto;3.17
coppices;european beech;Veneto;4.03
coppices;sweet chestnut;Veneto;2.33
coppices;hornbeams;Veneto;4.02
coppices;other oaks;Veneto;3.43
coppices;turkey oak;Veneto;2.27
coppices;evergreen oaks;Veneto;5.68
coppices;other broadleaves;Veneto;1.585
coppices;conifers;Veneto;0
plantations;eucaliptuses coppices;Veneto;1.55
plantations;other broadleaves coppices;Veneto;1.55
plantations;poplars stands;Veneto;0.93
plantations;other broadleaves stands;Veneto;1.55
plantations;conifers stands;Veneto;0
plantations;others;Veneto;2.33
other;rupicolous forest;Veneto;4.02
other;riparian forest;Veneto;2.33
other;shrublands;Veneto;2.65
unstocked;gaps;Veneto;
stands;norway spruce;Friuli_Venezia_Giulia;3.03
stands;silver fir;Friuli_Venezia_Giulia;5.81
stands;larches;Friuli_Venezia_Giulia;1.73
stands;mountain pines;Friuli_Venezia_Giulia;3.27
stands;mediterranean pines;Friuli_Venezia_Giulia;2.41
stands;other conifers;Friuli_Venezia_Giulia;4.57
stands;european beech;Friuli_Venezia_Giulia;4.37
stands;turkey oak;Friuli_Venezia_Giulia;0
stands;other oaks;Friuli_Venezia_Giulia;2.19
stands;other broadleaves;Friuli_Venezia_Giulia;1.13
coppices;european beech;Friuli_Venezia_Giulia;4.37
coppices;sweet chestnut;Friuli_Venezia_Giulia;2.12
coppices;hornbeams;Friuli_Venezia_Giulia;1.34
coppices;other oaks;Friuli_Venezia_Giulia;2.19
coppices;turkey oak;Friuli_Venezia_Giulia;0
coppices;evergreen oaks;Friuli_Venezia_Giulia;0
coppices;other broadleaves;Friuli_Venezia_Giulia;0.565
coppices;conifers;Friuli_Venezia_Giulia;4.57
plantations;eucaliptuses coppices;Friuli_Venezia_Giulia;0.91
plantations;other broadleaves coppices;Friuli_Venezia_Giulia;0.91
plantations;poplars stands;Friuli_Venezia_Giulia;0.08
plantations;other broadleaves stands;Friuli_Venezia_Giulia;0.91
plantations;conifers stands;Friuli_Venezia_Giulia;0.99
plantations;others;Friuli_Venezia_Giulia;2.12
other;rupicolous forest;Friuli_Venezia_Giulia;1.34
other;riparian forest;Friuli_Venezia_Giulia;1.85
other;shrublands;Friuli_Venezia_Giulia;0
unstocked;gaps;Friuli_Venezia_Giulia;
stands;norway spruce;Liguria;1.66
stands;silver fir;Liguria;4.74
stands;larches;Liguria;4.86
stands;mountain pines;Liguria;4.57
stands;mediterranean pines;Liguria;3.98
stands;other conifers;Liguria;5.32
stands;european beech;Liguria;4.21
stands;turkey oak;Liguria;3.81
stands;other oaks;Liguria;2.74
stands;other broadleaves;Liguria;3.95
coppices;european beech;Liguria;4.21
coppices;sweet chestnut;Liguria;2.22
coppices;hornbeams;Liguria;3.64
coppices;other oaks;Liguria;2.74
coppices;turkey oak;Liguria;3.81
coppices;evergreen oaks;Liguria;5.23
coppices;other broadleaves;Liguria;1.975
coppices;conifers;Liguria;5.32
plantations;eucaliptuses coppices;Liguria;0
plantations;other broadleaves coppices;Liguria;0
plantations;poplars stands;Liguria;1.92
plantations;other broadleaves stands;Liguria;0
plantations;conifers stands;Liguria;0
plantations;others;Liguria;2.22
other;rupicolous forest;Liguria;3.64
other;riparian forest;Liguria;1.71
other;shrublands;Liguria;3.0133333333333336
unstocked;gaps;Liguria;
stands;norway spruce;Emilia_Romagna;1.72
stands;silver fir;Emilia_Romagna;2.87
stands;larches;Emilia_Romagna;0
stands;mountain pines;Emilia_Romagna;4.9350000000000005
stands;mediterranean pines;Emilia_Romagna;5.49
stands;other conifers;Emilia_Romagna;4.78
stands;european beech;Emilia_Romagna;3.72
stands;turkey oak;Emilia_Romagna;2.7
stands;other oaks;Emilia_Romagna;2.66
stands;other broadleaves;Emilia_Romagna;1.69
coppices;european beech;Emilia_Romagna;3.72
coppices;sweet chestnut;Emilia_Romagna;2.08
coppices;hornbeams;Emilia_Romagna;2.49
coppices;other oaks;Emilia_Romagna;2.66
coppices;turkey oak;Emilia_Romagna;2.7
coppices;evergreen oaks;Emilia_Romagna;2.56
coppices;other broadleaves;Emilia_Romagna;0.845
coppices;conifers;Emilia_Romagna;4.78
plantations;eucaliptuses coppices;Emilia_Romagna;2.14
plantations;other broadleaves coppices;Emilia_Romagna;2.14
plantations;poplars stands;Emilia_Romagna;1.07
plantations;other broadleaves stands;Emilia_Romagna;2.14
plantations;conifers stands;Emilia_Romagna;0.64
plantations;others;Emilia_Romagna;2.08
other;rupicolous forest;Emilia_Romagna;2.49
other;riparian forest;Emilia_Romagna;2.71
other;shrublands;Emilia_Romagna;1.7533333333333332
unstocked;gaps;Emilia_Romagna;
stands;norway spruce;Toscana;2.51
stands;silver fir;Toscana;5.56
stands;larches;Toscana;0
stands;mountain pines;Toscana;6.225
stands;mediterranean pines;Toscana;2.94
stands;other conifers;Toscana;2.05
stands;european beech;Toscana;4.16
stands;turkey oak;Toscana;2.26
stands;other oaks;Toscana;2.15
stands;other broadleaves;Toscana;2.28
coppices;european beech;Toscana;4.16
coppices;sweet chestnut;Toscana;3.18
coppices;hornbeams;Toscana;1.05
coppices;other oaks;Toscana;2.15
coppices;turkey oak;Toscana;2.26
coppices;evergreen oaks;Toscana;2.9
coppices;other broadleaves;Toscana;2.9749999999999996
coppices;conifers;Toscana;2.05
plantations;eucaliptuses coppices;Toscana;1.8
plantations;other broadleaves coppices;Toscana;1.8
plantations;poplars stands;Toscana;0.54
plantations;other broadleaves stands;Toscana;1.8
plantations;conifers stands;Toscana;1.28
plantations;others;Toscana;3.18
other;rupicolous forest;Toscana;1.05
other;riparian forest;Toscana;2.01
other;shrublands;Toscana;2.9433333333333334
unstocked;gaps;Toscana;
stands;norway spruce;Umbria;0
stands;silver fir;Umbria;0
stands;larches;Umbria;0
stands;mountain pines;Umbria;4.2700000000000005
stands;mediterranean pines;Umbria;5.48
stands;other conifers;Umbria;5.18
stands;european beech;Umbria;5.17
stands;turkey oak;Umbria;3.27
stands;other oaks;Umbria;1.98
stands;other broadleaves;Umbria;2.18
coppices;european beech;Umbria;5.17
coppices;sweet chestnut;Umbria;3.04
coppices;hornbeams;Umbria;1.04
coppices;other oaks;Umbria;1.98
coppices;turkey oak;Umbria;3.27
coppices;evergreen oaks;Umbria;2.57
coppices;other broadleaves;Umbria;1.09
coppices;conifers;Umbria;5.18
plantations;eucaliptuses coppices;Umbria;0.54
plantations;other broadleaves coppices;Umbria;0.54
plantations;poplars stands;Umbria;1.86
plantations;other broadleaves stands;Umbria;0.54
plantations;conifers stands;Umbria;0
plantations;others;Umbria;3.04
other;rupicolous forest;Umbria;1.04
other;riparian forest;Umbria;1.37
other;shrublands;Umbria;1.9466666666666665
unstocked;gaps;Umbria;
stands;norway spruce;Marche;0
stands;silver fir;Marche;0
stands;larches;Marche;0
stands;mountain pines;Marche;1.665
stands;mediterranean pines;Marche;2.9
stands;other conifers;Marche;1.67
stands;european beech;Marche;4.84
stands;turkey oak;Marche;2.13
stands;other oaks;Marche;1.77
stands;other broadleaves;Marche;1.56
coppices;european beech;Marche;4.84
coppices;sweet chestnut;Marche;1.68
coppices;hornbeams;Marche;0.84
coppices;other oaks;Marche;1.77
coppices;turkey oak;Marche;2.13
coppices;evergreen oaks;Marche;4.41
coppices;other broadleaves;Marche;0.78
coppices;conifers;Marche;1.67
plantations;eucaliptuses coppices;Marche;0.86
plantations;other broadleaves coppices;Marche;0.86
plantations;poplars stands;Marche;0.42
plantations;other broadleaves stands;Marche;0.86
plantations;conifers stands;Marche;0
plantations;others;Marche;1.68
other;rupicolous forest;Marche;0.84
other;riparian forest;Marche;0.92
other;shrublands;Marche;2.18
unstocked;gaps;Marche;
stands;norway spruce;Lazio;2.09
stands;silver fir;Lazio;0
stands;larches;Lazio;0
stands;mountain pines;Lazio;2.43
stands;mediterranean pines;Lazio;5.69
stands;other conifers;Lazio;2.1
stands;european beech;Lazio;4.65
stands;turkey oak;Lazio;1.78
stands;other oaks;Lazio;1.53
stands;other broadleaves;Lazio;0.93
coppices;european beech;Lazio;4.65
coppices;sweet chestnut;Lazio;1.95
coppices;hornbeams;Lazio;2.16
coppices;other oaks;Lazio;1.53
coppices;turkey oak;Lazio;1.78
coppices;evergreen oaks;Lazio;2.03
coppices;other broadleaves;Lazio;2.3449999999999998
coppices;conifers;Lazio;2.1
plantations;eucaliptuses coppices;Lazio;0.89
plantations;other broadleaves coppices;Lazio;0.89
plantations;poplars stands;Lazio;2.69
plantations;other broadleaves stands;Lazio;0.89
plantations;conifers stands;Lazio;0
plantations;others;Lazio;1.95
other;rupicolous forest;Lazio;2.16
other;riparian forest;Lazio;1.01
other;shrublands;Lazio;2.523333333333333
unstocked;gaps;Lazio;
stands;norway spruce;Abruzzo;2.55
stands;silver fir;Abruzzo;1.81
stands;larches;Abruzzo;0
stands;mountain pines;Abruzzo;2.835
stands;mediterranean pines;Abruzzo;2.26
stands;other conifers;Abruzzo;1.53
stands;european beech;Abruzzo;4.39
stands;turkey oak;Abruzzo;3.47
stands;other oaks;Abruzzo;0.82
stands;other broadleaves;Abruzzo;1.9
coppices;european beech;Abruzzo;4.39
coppices;sweet chestnut;Abruzzo;1.3
coppices;hornbeams;Abruzzo;0.89
coppices;other oaks;Abruzzo;0.82
coppices;turkey oak;Abruzzo;3.47
coppices;evergreen oaks;Abruzzo;1.73
coppices;other broadleaves;Abruzzo;0.95
coppices;conifers;Abruzzo;1.53
plantations;eucaliptuses coppices;Abruzzo;1.09
plantations;other broadleaves coppices;Abruzzo;1.09
plantations;poplars stands;Abruzzo;0.92
plantations;other broadleaves stands;Abruzzo;1.09
plantations;conifers stands;Abruzzo;0
plantations;others;Abruzzo;1.3
other;rupicolous forest;Abruzzo;0.89
other;riparian forest;Abruzzo;2.55
other;shrublands;Abruzzo;1.7333333333333334
unstocked;gaps;Abruzzo;
stands;norway spruce;Molise;0
stands;silver fir;Molise;2.32
stands;larches;Molise;0
stands;mountain pines;Molise;2.255
stands;mediterranean pines;Molise;2.28
stands;other conifers;Molise;0
stands;european beech;Molise;3.42
stands;turkey oak;Molise;1.97
stands;other oaks;Molise;1.5
stands;other broadleaves;Molise;2.26
coppices;european beech;Molise;3.42
coppices;sweet chestnut;Molise;1.01
coppices;hornbeams;Molise;1.56
coppices;other oaks;Molise;1.5
coppices;turkey oak;Molise;1.97
coppices;evergreen oaks;Molise;2.94
coppices;other broadleaves;Molise;1.13
coppices;conifers;Molise;0
plantations;eucaliptuses coppices;Molise;0.88
plantations;other broadleaves coppices;Molise;0.88
plantations;poplars stands;Molise;2.68
plantations;other broadleaves stands;Molise;0.88
plantations;conifers stands;Molise;0
plantations;others;Molise;1.01
other;rupicolous forest;Molise;1.56
other;riparian forest;Molise;2.22
other;shrublands;Molise;1.6366666666666667
unstocked;gaps;Molise;
stands;norway spruce;Campania;0
stands;silver fir;Campania;0
stands;larches;Campania;0
stands;mountain pines;Campania;1.53
stands;mediterranean pines;Campania;3.66
stands;other conifers;Campania;1.12
stands;european beech;Campania;5.28
stands;turkey oak;Campania;1.15
stands;other oaks;Campania;1.42
stands;other broadleaves;Campania;1.18
coppices;european beech;Campania;5.28
coppices;sweet chestnut;Campania;1.09
coppices;hornbeams;Campania;1.05
coppices;other oaks;Campania;1.42
coppices;turkey oak;Campania;1.15
coppices;evergreen oaks;Campania;2.2
coppices;other broadleaves;Campania;0.67
coppices;conifers;Campania;1.12
plantations;eucaliptuses coppices;Campania;1
plantations;other broadleaves coppices;Campania;1
plantations;poplars stands;Campania;1.28
plantations;other broadleaves stands;Campania;1
plantations;conifers stands;Campania;0
plantations;others;Campania;1.09
other;rupicolous forest;Campania;1.05
other;riparian forest;Campania;3.25
other;shrublands;Campania;1.1700000000000002
unstocked;gaps;Campania;
stands;norway spruce;Puglia;0
stands;silver fir;Puglia;0
stands;larches;Puglia;0
stands;mountain pines;Puglia;1.265
stands;mediterranean pines;Puglia;1.26
stands;other conifers;Puglia;2.39
stands;european beech;Puglia;2.32
stands;turkey oak;Puglia;1.07
stands;other oaks;Puglia;1.02
stands;other broadleaves;Puglia;1.25
coppices;european beech;Puglia;2.32
coppices;sweet chestnut;Puglia;1.85
coppices;hornbeams;Puglia;1.08
coppices;other oaks;Puglia;1.02
coppices;turkey oak;Puglia;1.07
coppices;evergreen oaks;Puglia;0.44
coppices;other broadleaves;Puglia;0.75
coppices;conifers;Puglia;2.39
plantations;eucaliptuses coppices;Puglia;0.19
plantations;other broadleaves coppices;Puglia;0.19
plantations;poplars stands;Puglia;0
plantations;other broadleaves stands;Puglia;0.19
plantations;conifers stands;Puglia;1.85
plantations;others;Puglia;1.85
other;rupicolous forest;Puglia;1.08
other;riparian forest;Puglia;4.23
other;shrublands;Puglia;0.5866666666666667
unstocked;gaps;Puglia;
stands;norway spruce;Basilicata;0
stands;silver fir;Basilicata;3.02
stands;larches;Basilicata;0
stands;mountain pines;Basilicata;1.25
stands;mediterranean pines;Basilicata;2.2
stands;other conifers;Basilicata;1.93
stands;european beech;Basilicata;3.02
stands;turkey oak;Basilicata;1.25
stands;other oaks;Basilicata;1.17
stands;other broadleaves;Basilicata;2.66
coppices;european beech;Basilicata;3.02
coppices;sweet chestnut;Basilicata;2.32
coppices;hornbeams;Basilicata;2.46
coppices;other oaks;Basilicata;1.17
coppices;turkey oak;Basilicata;1.25
coppices;evergreen oaks;Basilicata;2.96
coppices;other broadleaves;Basilicata;1.58
coppices;conifers;Basilicata;1.93
plantations;eucaliptuses coppices;Basilicata;0
plantations;other broadleaves coppices;Basilicata;0
plantations;poplars stands;Basilicata;0
plantations;other broadleaves stands;Basilicata;0
plantations;conifers stands;Basilicata;1.69
plantations;others;Basilicata;2.32
other;rupicolous forest;Basilicata;2.46
other;riparian forest;Basilicata;2.65
other;shrublands;Basilicata;1.57
unstocked;gaps;Basilicata;
stands;norway spruce;Calabria;0
stands;silver fir;Calabria;3.82
stands;larches;Calabria;0
stands;mountain pines;Calabria;1.985
stands;mediterranean pines;Calabria;1.27
stands;other conifers;Calabria;0.89
stands;european beech;Calabria;4.4
stands;turkey oak;Calabria;1.79
stands;other oaks;Calabria;1.53
stands;other broadleaves;Calabria;1.21
coppices;european beech;Calabria;4.4
coppices;sweet chestnut;Calabria;1.77
coppices;hornbeams;Calabria;0.55
coppices;other oaks;Calabria;1.53
coppices;turkey oak;Calabria;1.79
coppices;evergreen oaks;Calabria;5.16
coppices;other broadleaves;Calabria;1.3199999999999998
coppices;conifers;Calabria;0.89
plantations;eucaliptuses coppices;Calabria;1.36
plantations;other broadleaves coppices;Calabria;1.36
plantations;poplars stands;Calabria;0.61
plantations;other broadleaves stands;Calabria;1.36
plantations;conifers stands;Calabria;3.39
plantations;others;Calabria;1.77
other;rupicolous forest;Calabria;0.55
other;riparian forest;Calabria;1.98
other;shrublands;Calabria;2.793333333333333
unstocked;gaps;Calabria;
stands;norway spruce;Sicilia;0
stands;silver fir;Sicilia;0
stands;larches;Sicilia;0
stands;mountain pines;Sicilia;2.485
stands;mediterranean pines;Sicilia;2.02
stands;other conifers;Sicilia;0.92
stands;european beech;Sicilia;2.09
stands;turkey oak;Sicilia;1.07
stands;other oaks;Sicilia;2.05
stands;other broadleaves;Sicilia;1.25
coppices;european beech;Sicilia;2.09
coppices;sweet chestnut;Sicilia;3.87
coppices;hornbeams;Sicilia;1.42
coppices;other oaks;Sicilia;2.05
coppices;turkey oak;Sicilia;1.07
coppices;evergreen oaks;Sicilia;0.84
coppices;other broadleaves;Sicilia;1.21
coppices;conifers;Sicilia;0.92
plantations;eucaliptuses coppices;Sicilia;1.54
plantations;other broadleaves coppices;Sicilia;1.54
plantations;poplars stands;Sicilia;0
plantations;other broadleaves stands;Sicilia;1.54
plantations;conifers stands;Sicilia;0
plantations;others;Sicilia;3.87
other;rupicolous forest;Sicilia;1.42
other;riparian forest;Sicilia;1.37
other;shrublands;Sicilia;1.0266666666666666
unstocked;gaps;Sicilia;
stands;norway spruce;Sardegna;0
stands;silver fir;Sardegna;0
stands;larches;Sardegna;0
stands;mountain pines;Sardegna;0.485
stands;mediterranean pines;Sardegna;1.17
stands;other conifers;Sardegna;4.72
stands;european beech;Sardegna;0
stands;turkey oak;Sardegna;0
stands;other oaks;Sardegna;2.02
stands;other broadleaves;Sardegna;1.24
coppices;european beech;Sardegna;0
coppices;sweet chestnut;Sardegna;2.84
coppices;hornbeams;Sardegna;0
coppices;other oaks;Sardegna;2.02
coppices;turkey oak;Sardegna;0
coppices;evergreen oaks;Sardegna;2.43
coppices;other broadleaves;Sardegna;1.07
coppices;conifers;Sardegna;4.72
plantations;eucaliptuses coppices;Sardegna;1.05
plantations;other broadleaves coppices;Sardegna;1.05
plantations;poplars stands;Sardegna;0
plantations;other broadleaves stands;Sardegna;1.05
plantations;conifers stands;Sardegna;0.91
plantations;others;Sardegna;2.84
other;rupicolous forest;Sardegna;0
other;riparian forest;Sardegna;2.49
other;shrublands;Sardegna;1.11
unstocked;gaps;Sardegna;
stands;norway spruce;Italia;8.79
stands;silver fir;Italia;5.59
stands;larches;Italia;6.83
stands;mountain pines;Italia;4.984999999999999
stands;mediterranean pines;Italia;2.54
stands;other conifers;Italia;2.52
stands;european beech;Italia;4.51
stands;turkey oak;Italia;2.12
stands;other oaks;Italia;1.9
stands;other broadleaves;Italia;2.13
coppices;european beech;Italia;4.51
coppices;sweet chestnut;Italia;2.53
coppices;hornbeams;Italia;2.11
coppices;other oaks;Italia;1.9
coppices;turkey oak;Italia;2.12
coppices;evergreen oaks;Italia;2.68
coppices;other broadleaves;Italia;1.65
coppices;conifers;Italia;2.52
plantations;eucaliptuses coppices;Italia;1.11
plantations;other broadleaves coppices;Italia;1.11
plantations;poplars stands;Italia;1.29
plantations;other broadleaves stands;Italia;1.11
plantations;conifers stands;Italia;1.66
plantations;others;Italia;2.53
other;rupicolous forest;Italia;2.11
other;riparian forest;Italia;2.14
other;shrublands;Italia;1.9900000000000002
unstocked;gaps;Italia;
