var3;inventory.tipology;percent.natural.mortality
stands;norway spruce;1.16
stands;silver fir;1.16
stands;larches;1.16
stands;mountain pines;1.16
stands;mediterranean pines;1.16
stands;other conifers;1.16
stands;european beech;1.17
stands;turkey oak;1.17
stands;other oaks;1.17
stands;other broadleaves;1.17
coppices;european beech;1.17
coppices;sweet chestnut;1.17
coppices;hornbeams;1.17
coppices;other oaks;1.17
coppices;turkey oak;1.17
coppices;evergreen oaks;1.16
coppices;other broadleaves;1.17
coppices;conifers;1.16
plantations;eucaliptuses coppices;1.16
plantations;other broadleaves coppices;1.17
plantations;poplars stands;1.17
plantations;other broadleaves stands;1.17
plantations;conifers stands;1.16
plantations;others;1.165
other;rupicolous forest;1.165
other;riparian forest;1.17
other;shrublands;1.165
unstocked;gaps;NA
