var3;inventory.tipology;regione;fun.a;fun.n;fun.k;fun.y0
stands;norway spruce;Abruzzo;978.652174180827;-0.2756747368685268;0.013914368492611335;0.06267152431493019
stands;silver fir;Abruzzo;1413.9871090763877;-0.3685839386632919;0.01606283260164244;0.46227662549311355
stands;larches;Abruzzo;0;0;0;0
stands;mountain pines;Abruzzo;983.2571;-0.3832;0.0265;0.30372697714069274
stands;mediterranean pines;Abruzzo;544.1478;-0.1801;0.0428;0.9399448907280074
stands;other conifers;Abruzzo;1564.8269032194373;-0.40822580104231365;0.013033950845075856;0.14619720164199515
stands;european beech;Abruzzo;854.6059043094609;0.0011863710172841714;0.0248061202216213;0.27625726840602427
stands;turkey oak;Abruzzo;576.3162;-0.3453;0.0141;0.938659006802708
stands;other oaks;Abruzzo;185.50879470540087;1.2981907752548607;0.07846189168143021;1.6210052013050176
stands;other broadleaves;Abruzzo;1539.297529429745;-0.32969642765614304;0.007756816332435527;1.6210052013050176
coppices;european beech;Abruzzo;289.021605563492;0.660949658387194;0.0399279389455036;0.672085690921825
coppices;sweet chestnut;Abruzzo;479.325;1.5156;0.1241;2.85469597779348
coppices;hornbeams;Abruzzo;132.2457680569177;-0.8789440296059536;0.019316493636180314;0.7586043770773425
coppices;other oaks;Abruzzo;117.200272247472;-0.701229146661156;0.0670107623146213;0.755728726739528
coppices;turkey oak;Abruzzo;132.2466;-0.3911;0.0522;0.6036110780343331
coppices;evergreen oaks;Abruzzo;287.2879092951269;0.026814199072212445;0.011224307629713673;2.055222942267763
coppices;other broadleaves;Abruzzo;185.50879470540087;1.2981907752548607;0.07846189168143021;3.8895488999010457
coppices;conifers;Abruzzo;1564.8269032194373;-0.40822580104231365;0.013033950845075856;0.14619720164199515
plantations;eucaliptuses coppices;Abruzzo;;;;
plantations;other broadleaves coppices;Abruzzo;216.200461546513;2.07773806656;0.271242817643649;4.22248639951268
plantations;poplars stands;Abruzzo;259.003694986362;0.7648742561335107;0.5468587533742549;1.3795044386723805
plantations;other broadleaves stands;Abruzzo;1539.297529429745;-0.32969642765614304;0.007756816332435527;1.62100520130502
plantations;conifers stands;Abruzzo;1221.84303535784;0.244922618487083;0.0575437433883206;0.886878228448686
plantations;others;Abruzzo;894.5601;-0.387;0.0385;0.01
other;rupicolous forest;Abruzzo;823.1723671653081;0.10737349496487156;0.03051679920273781;0.6899617164649408
other;riparian forest;Abruzzo;960.0666127690288;-0.11015597310645893;0.02638177557497963;0.7079715441263895
other;shrublands;Abruzzo;108.7139;-0.7267;0.0448;0.01
unstocked;gaps;Abruzzo;;;;
stands;norway spruce;Alto_Adige;978.652174180827;-0.2756747368685268;0.013914368492611335;0.06267152431493019
stands;silver fir;Alto_Adige;1106.8373629480668;-0.25402754733340166;0.015249740588000573;0.034984924369068804
stands;larches;Alto_Adige;446.19366877829447;0.488851369398313;0.0336204358179014;0.21719693239024798
stands;mountain pines;Alto_Adige;2468.1874864601537;0.39874819343352835;0.029132503074195883;0.07120371902709616
stands;mediterranean pines;Alto_Adige;;;;
stands;other conifers;Alto_Adige;1564.8269032194373;-0.40822580104231365;0.013033950845075856;0.14619720164199515
stands;european beech;Alto_Adige;1268.3953;-0.0927;0.0176;0.06219639761630678
stands;turkey oak;Alto_Adige;699.3262361227534;-0.543888330949425;0.009700830225382047;0.9386590068027084
stands;other oaks;Alto_Adige;185.50879470540087;1.2981907752548607;0.07846189168143021;1.6210052013050176
stands;other broadleaves;Alto_Adige;1539.297529429745;-0.32969642765614304;0.007756816332435527;1.6210052013050176
coppices;european beech;Alto_Adige;903.785074321556;0.549045725978702;0.0378980205006273;1.15090545860323
coppices;sweet chestnut;Alto_Adige;834.7028794727115;4.669282992829216E-5;0.03716365017713387;4.110545250671058
coppices;hornbeams;Alto_Adige;132.2457680569177;-0.8789440296059536;0.019316493636180314;0.7586043770773425
coppices;other oaks;Alto_Adige;427.0641176042783;-0.769557499184613;0.0096789476296109;0.5406346187332073
coppices;turkey oak;Alto_Adige;102.10539363705617;0.00974316710126711;0.01388459586426801;2.3743767092933243
coppices;evergreen oaks;Alto_Adige;;;;
coppices;other broadleaves;Alto_Adige;185.50879470540087;1.2981907752548607;0.07846189168143021;3.8895488999010457
coppices;conifers;Alto_Adige;1564.8269032194373;-0.40822580104231365;0.013033950845075856;0.14619720164199515
plantations;eucaliptuses coppices;Alto_Adige;;;;
plantations;other broadleaves coppices;Alto_Adige;;;;
plantations;poplars stands;Alto_Adige;;;;
plantations;other broadleaves stands;Alto_Adige;;;;
plantations;conifers stands;Alto_Adige;1221.84303535784;0.244922618487083;0.0575437433883206;0.886878228448686
plantations;others;Alto_Adige;;;;
other;rupicolous forest;Alto_Adige;1090.527382392793;0.030078687122792824;0.02161691905118955;0.148185562093974
other;riparian forest;Alto_Adige;1139.6917173160755;0.031286388248543545;0.024274504117448095;0.5305689009747099
other;shrublands;Alto_Adige;108.7139;-0.7267;0.0448;0.01
unstocked;gaps;Alto_Adige;;;;
stands;norway spruce;Basilicata;;;;
stands;silver fir;Basilicata;754.2263312598599;-0.010681587840758674;0.026455352702692326;0.40303722965949995
stands;larches;Basilicata;;;;
stands;mountain pines;Basilicata;1030.0273241944492;-0.44623358337199454;0.017208774719584107;0.4769318796379304
stands;mediterranean pines;Basilicata;544.1478;-0.1801;0.0428;0.9399448907280074
stands;other conifers;Basilicata;1564.8269032194373;-0.40822580104231365;0.013033950845075856;0.14619720164199515
stands;european beech;Basilicata;928.8867;-0.4144;0.0154;0.3606162367541607
stands;turkey oak;Basilicata;1371.7424;-0.5185;0.0098;0.26081288637711797
stands;other oaks;Basilicata;185.50879470540087;1.2981907752548607;0.07846189168143021;1.6210052013050176
stands;other broadleaves;Basilicata;1539.297529429745;-0.32969642765614304;0.007756816332435527;1.6210052013050176
coppices;european beech;Basilicata;272.3171;1.0446;0.0515;0.672085690921825
coppices;sweet chestnut;Basilicata;654.4097;0.3946;0.0346;6.77002867827477
coppices;hornbeams;Basilicata;132.2457680569177;-0.8789440296059536;0.019316493636180314;0.7586043770773425
coppices;other oaks;Basilicata;117.200272247472;-0.701229146661156;0.0670107623146213;0.755728726739528
coppices;turkey oak;Basilicata;317.567725737235;-0.7924281088493873;0.01347406277470635;1.33869689055473
coppices;evergreen oaks;Basilicata;287.2879092951269;0.026814199072212445;0.011224307629713673;2.055222942267763
coppices;other broadleaves;Basilicata;185.50879470540087;1.2981907752548607;0.07846189168143021;3.88954889990105
coppices;conifers;Basilicata;1564.8269032194373;-0.40822580104231365;0.013033950845075856;0.14619720164199515
plantations;eucaliptuses coppices;Basilicata;;;;
plantations;other broadleaves coppices;Basilicata;216.200461546513;2.07773806656;0.271242817643649;4.22248639951268
plantations;poplars stands;Basilicata;259.003694986362;0.7648742561335107;0.5468587533742549;1.3795044386723805
plantations;other broadleaves stands;Basilicata;1539.297529429745;-0.32969642765614304;0.007756816332435527;1.62100520130502
plantations;conifers stands;Basilicata;1221.84303535784;0.244922618487083;0.0575437433883206;0.886878228448686
plantations;others;Basilicata;894.5601;-0.387;0.0385;0.01
other;rupicolous forest;Basilicata;1083.6836187725355;-0.13124174797550545;0.02306630853203186;0.8834724938438843
other;riparian forest;Basilicata;989.8329728511115;-0.12620582808204367;0.026364598285152252;0.7286938409260934
other;shrublands;Basilicata;108.7139;-0.7267;0.0448;0.01
unstocked;gaps;Basilicata;;;;
stands;norway spruce;Calabria;;;;
stands;silver fir;Calabria;754.2263312598599;-0.010681587840758674;0.026455352702692326;0.40303722965949995
stands;larches;Calabria;0;0;0;0
stands;mountain pines;Calabria;1030.0273241944492;-0.44623358337199454;0.017208774719584107;0.4769318796379304
stands;mediterranean pines;Calabria;544.1478;-0.1801;0.0428;0.9399448907280074
stands;other conifers;Calabria;1564.8269032194373;-0.40822580104231365;0.013033950845075856;0.14619720164199515
stands;european beech;Calabria;849.3126897413397;9.403567208095319E-4;0.02586837131642797;0.2500879579063796
stands;turkey oak;Calabria;1371.7424;-0.5185;0.0098;0.26081288637711797
stands;other oaks;Calabria;185.50879470540087;1.2981907752548607;0.07846189168143021;1.6210052013050176
stands;other broadleaves;Calabria;1539.297529429745;-0.32969642765614304;0.007756816332435527;1.6210052013050176
coppices;european beech;Calabria;272.3171;1.0446;0.0515;0.672085690921825
coppices;sweet chestnut;Calabria;779.9772;0.1069;0.0257;6.77002867827477
coppices;hornbeams;Calabria;132.2457680569177;-0.8789440296059536;0.019316493636180314;0.7586043770773425
coppices;other oaks;Calabria;117.20027224747203;-0.7012291466611559;0.06701076231462127;0.755728726739528
coppices;turkey oak;Calabria;317.56772573723543;-0.7924281088493873;0.01347406277470635;0.6036110780343331
coppices;evergreen oaks;Calabria;287.2879092951269;0.026814199072212445;0.011224307629713673;2.055222942267763
coppices;other broadleaves;Calabria;185.50879470540087;1.2981907752548607;0.07846189168143021;3.8895488999010457
coppices;conifers;Calabria;1564.8269032194373;-0.40822580104231365;0.013033950845075856;0.14619720164199515
plantations;eucaliptuses coppices;Calabria;210.7963;2.985;0.2712;5.790935728851702
plantations;other broadleaves coppices;Calabria;216.200461546513;2.07773806656;0.271242817643649;4.22248639951268
plantations;poplars stands;Calabria;259.003694986362;0.7648742561335107;0.5468587533742549;1.3795044386723805
plantations;other broadleaves stands;Calabria;1539.297529429745;-0.32969642765614304;0.007756816332435527;1.62100520130502
plantations;conifers stands;Calabria;1221.84303535784;0.244922618487083;0.0575437433883206;0.886878228448686
plantations;others;Calabria;894.5601;-0.387;0.0385;0.01
other;rupicolous forest;Calabria;999.6173883660208;-0.09525178623501682;0.02499988712623613;0.8443049548781587
other;riparian forest;Calabria;979.886221568779;-0.07428828349194246;0.02767314469970575;0.7148778060701206
other;shrublands;Calabria;108.7139;-0.7267;0.0448;0.01
unstocked;gaps;Calabria;;;;
stands;norway spruce;Campania;;;;
stands;silver fir;Campania;754.2263312598599;-0.010681587840758674;0.026455352702692326;0.40303722965949995
stands;larches;Campania;0;0;0;0
stands;mountain pines;Campania;976.8135;-0.3766;0.0264;0.4769318796379304
stands;mediterranean pines;Campania;544.1478;-0.1801;0.0428;0.9399448907280074
stands;other conifers;Campania;1564.8269032194373;-0.40822580104231365;0.013033950845075856;0.14619720164199515
stands;european beech;Campania;914.7116;-0.4217;0.0165;0.14196132467347114
stands;turkey oak;Campania;549.6186;-0.3342;0.0137;1.35629331171092
stands;other oaks;Campania;185.50879470540087;1.2981907752548607;0.07846189168143021;1.6210052013050176
stands;other broadleaves;Campania;1539.297529429745;-0.32969642765614304;0.007756816332435527;1.6210052013050176
coppices;european beech;Campania;272.3171;1.0446;0.0515;0.672085690921825
coppices;sweet chestnut;Campania;779.9772;0.1069;0.0257;6.77002867827477
coppices;hornbeams;Campania;132.2457680569177;-0.8789440296059536;0.019316493636180314;0.7586043770773425
coppices;other oaks;Campania;174.07801421705;8.79740002890247E-4;0.023757311041108;0.706937729036226
coppices;turkey oak;Campania;317.56772573723543;-0.7924281088493873;0.01347406277470635;0.6036110780343331
coppices;evergreen oaks;Campania;287.2879092951269;0.026814199072212445;0.011224307629713673;2.055222942267763
coppices;other broadleaves;Campania;185.50879470540087;1.2981907752548607;0.07846189168143021;3.8895488999010457
coppices;conifers;Campania;1564.8269032194373;-0.40822580104231365;0.013033950845075856;0.14619720164199515
plantations;eucaliptuses coppices;Campania;;;;
plantations;other broadleaves coppices;Campania;216.200461546513;2.07773806656;0.271242817643649;4.22248639951268
plantations;poplars stands;Campania;259.003694986362;0.7648742561335107;0.5468587533742549;1.3795044386723805
plantations;other broadleaves stands;Campania;1539.297529429745;-0.32969642765614304;0.007756816332435527;1.62100520130502
plantations;conifers stands;Campania;1221.84303535784;0.244922618487083;0.0575437433883206;0.886878228448686
plantations;others;Campania;894.5601;-0.387;0.0385;0.01
other;rupicolous forest;Campania;471.58325454702214;0.08300192228760427;0.036913009462029876;1.705447281716728
other;riparian forest;Campania;878.6438823268053;-0.09537663016054433;0.028138501445204238;0.8382970300827324
other;shrublands;Campania;108.7139;-0.7267;0.0448;0.01
unstocked;gaps;Campania;;;;
stands;norway spruce;Emilia_Romagna;978.652174180827;-0.2756747368685268;0.013914368492611335;0.06267152431493019
stands;silver fir;Emilia_Romagna;1413.9871090763877;-0.3685839386632919;0.01606283260164244;0.46227662549311355
stands;larches;Emilia_Romagna;446.19366877829447;0.488851369398313;0.0336204358179014;0.21719693239024798
stands;mountain pines;Emilia_Romagna;983.2571;-0.3832;0.0265;0.30372697714069274
stands;mediterranean pines;Emilia_Romagna;544.1478;-0.1801;0.0428;0.939944890728007
stands;other conifers;Emilia_Romagna;1564.8269032194373;-0.40822580104231365;0.013033950845075856;0.14619720164199515
stands;european beech;Emilia_Romagna;1255.3581;-0.2338;0.0177;0.1794789292706208
stands;turkey oak;Emilia_Romagna;656.1769;-0.4489;0.0111;0.9386590068027084
stands;other oaks;Emilia_Romagna;185.50879470540087;1.2981907752548607;0.07846189168143021;1.6210052013050176
stands;other broadleaves;Emilia_Romagna;1539.297529429745;-0.32969642765614304;0.007756816332435527;1.6210052013050176
coppices;european beech;Emilia_Romagna;154.4835;0.5373;0.0508;1.98833519862262
coppices;sweet chestnut;Emilia_Romagna;1387.80784474914;0.205917327601554;0.0358302414144488;2.85469597779348
coppices;hornbeams;Emilia_Romagna;132.2457680569177;-0.8789440296059536;0.019316493636180314;0.7586043770773425
coppices;other oaks;Emilia_Romagna;427.0641176042783;-0.769557499184613;0.0096789476296109;0.5406346187332073
coppices;turkey oak;Emilia_Romagna;102.10539363705617;0.00974316710126711;0.01388459586426801;2.3743767092933243
coppices;evergreen oaks;Emilia_Romagna;138.8787;3.3862;0.0616;2.05522294226776
coppices;other broadleaves;Emilia_Romagna;185.50879470540087;1.2981907752548607;0.07846189168143021;3.8895488999010457
coppices;conifers;Emilia_Romagna;1564.8269032194373;-0.40822580104231365;0.013033950845075856;0.14619720164199515
plantations;eucaliptuses coppices;Emilia_Romagna;;;;
plantations;other broadleaves coppices;Emilia_Romagna;216.200461546513;2.07773806656;0.271242817643649;4.22248639951268
plantations;poplars stands;Emilia_Romagna;259.003694986362;0.7648742561335107;0.5468587533742549;1.3795044386723805
plantations;other broadleaves stands;Emilia_Romagna;1539.297529429745;-0.32969642765614304;0.007756816332435527;1.62100520130502
plantations;conifers stands;Emilia_Romagna;1221.84303535784;0.244922618487083;0.0575437433883206;0.886878228448686
plantations;others;Emilia_Romagna;894.5601;-0.387;0.0385;0.01
other;rupicolous forest;Emilia_Romagna;1007.2638507607496;-0.11740338110752727;0.024464368012901114;0.7885857591730829
other;riparian forest;Emilia_Romagna;956.7406079390094;-0.0841138759577102;0.026095029577109675;0.6492162490392351
other;shrublands;Emilia_Romagna;108.7139;-0.7267;0.0448;0.01
unstocked;gaps;Emilia_Romagna;;;;
stands;norway spruce;Friuli_Venezia_Giulia;978.652174180827;-0.2756747368685268;0.013914368492611335;0.06267152431493019
stands;silver fir;Friuli_Venezia_Giulia;1106.8373629480668;-0.25402754733340166;0.015249740588000573;0.034984924369068804
stands;larches;Friuli_Venezia_Giulia;446.19366877829447;0.488851369398313;0.0336204358179014;0.21719693239024798
stands;mountain pines;Friuli_Venezia_Giulia;2468.1874864601537;0.39874819343352835;0.029132503074195883;0.07120371902709616
stands;mediterranean pines;Friuli_Venezia_Giulia;544.1478;-0.1801;0.0428;0.939944890728007
stands;other conifers;Friuli_Venezia_Giulia;1564.8269032194373;-0.40822580104231365;0.013033950845075856;0.14619720164199515
stands;european beech;Friuli_Venezia_Giulia;1268.3953;-0.0927;0.0176;0.06219639761630678
stands;turkey oak;Friuli_Venezia_Giulia;699.3262361227534;-0.543888330949425;0.009700830225382047;0.9386590068027084
stands;other oaks;Friuli_Venezia_Giulia;185.50879470540087;1.2981907752548607;0.07846189168143021;1.6210052013050176
stands;other broadleaves;Friuli_Venezia_Giulia;1539.297529429745;-0.32969642765614304;0.007756816332435527;1.6210052013050176
coppices;european beech;Friuli_Venezia_Giulia;903.7850743215563;0.549045725978702;0.0378980205006273;1.1509054586032326
coppices;sweet chestnut;Friuli_Venezia_Giulia;834.7028794727115;4.669282992829216E-5;0.03716365017713387;4.110545250671058
coppices;hornbeams;Friuli_Venezia_Giulia;132.2457680569177;-0.8789440296059536;0.019316493636180314;0.7586043770773425
coppices;other oaks;Friuli_Venezia_Giulia;427.0641176042783;-0.769557499184613;0.0096789476296109;0.5406346187332073
coppices;turkey oak;Friuli_Venezia_Giulia;0;0;0;0
coppices;evergreen oaks;Friuli_Venezia_Giulia;0;0;0;0
coppices;other broadleaves;Friuli_Venezia_Giulia;185.50879470540087;1.2981907752548607;0.07846189168143021;3.8895488999010457
coppices;conifers;Friuli_Venezia_Giulia;1564.8269032194373;-0.40822580104231365;0.013033950845075856;0.14619720164199515
plantations;eucaliptuses coppices;Friuli_Venezia_Giulia;;;;
plantations;other broadleaves coppices;Friuli_Venezia_Giulia;216.200461546513;2.07773806656;0.271242817643649;4.22248639951268
plantations;poplars stands;Friuli_Venezia_Giulia;586.855104506933;0.24163385809219;0.174796187889127;4.16746100853644
plantations;other broadleaves stands;Friuli_Venezia_Giulia;1539.297529429745;-0.32969642765614304;0.007756816332435527;1.62100520130502
plantations;conifers stands;Friuli_Venezia_Giulia;1221.84303535784;0.244922618487083;0.0575437433883206;0.886878228448686
plantations;others;Friuli_Venezia_Giulia;894.5601;-0.387;0.0385;0.01
other;rupicolous forest;Friuli_Venezia_Giulia;1279.007357520657;-0.050155550234087284;0.019348509602269366;0.2474181756793996
other;riparian forest;Friuli_Venezia_Giulia;1080.1373255844678;0.010147749423689189;0.026127053705703285;0.5715064999500395
other;shrublands;Friuli_Venezia_Giulia;108.7139;-0.7267;0.0448;0.01
unstocked;gaps;Friuli_Venezia_Giulia;;;;
stands;norway spruce;Lazio;;;;
stands;silver fir;Lazio;;;;
stands;larches;Lazio;;;;
stands;mountain pines;Lazio;983.2571;-0.3832;0.0265;0.30372697714069274
stands;mediterranean pines;Lazio;544.1478;-0.1801;0.0428;0.9399448907280074
stands;other conifers;Lazio;1564.8269032194373;-0.40822580104231365;0.013033950845075856;0.14619720164199515
stands;european beech;Lazio;440.2557;0.1902;0.0313;0.555988976688662
stands;turkey oak;Lazio;412.2018;0.2132;0.015;1.62704339442899
stands;other oaks;Lazio;185.50879470540087;1.2981907752548607;0.07846189168143021;1.6210052013050176
stands;other broadleaves;Lazio;1539.297529429745;-0.32969642765614304;0.007756816332435527;1.6210052013050176
coppices;european beech;Lazio;308.0085122114066;8.948444204707121E-4;0.018184611887029495;1.9883351986226188
coppices;sweet chestnut;Lazio;416.909854710448;0.513539679650926;0.264758618667677;3.44046003203835
coppices;hornbeams;Lazio;132.2457680569177;-0.8789440296059536;0.019316493636180314;0.7586043770773425
coppices;other oaks;Lazio;87.5224;2.2446;0.1714;1.15651985465821
coppices;turkey oak;Lazio;100.2425;-0.4901;0.0674;1.33869689055473
coppices;evergreen oaks;Lazio;287.2879092951269;0.026814199072212445;0.011224307629713673;2.055222942267763
coppices;other broadleaves;Lazio;185.50879470540087;1.2981907752548607;0.07846189168143021;3.8895488999010457
coppices;conifers;Lazio;1564.8269032194373;-0.40822580104231365;0.013033950845075856;0.14619720164199515
plantations;eucaliptuses coppices;Lazio;;;;
plantations;other broadleaves coppices;Lazio;216.200461546513;2.07773806656;0.271242817643649;4.22248639951268
plantations;poplars stands;Lazio;259.003694986362;0.7648742561335107;0.5468587533742549;1.3795044386723805
plantations;other broadleaves stands;Lazio;1539.297529429745;-0.32969642765614304;0.007756816332435527;1.62100520130502
plantations;conifers stands;Lazio;1221.84303535784;0.244922618487083;0.0575437433883206;0.886878228448686
plantations;others;Lazio;894.5601;-0.387;0.0385;0.01
other;rupicolous forest;Lazio;604.3015441432428;0.17397834574490162;0.030842905969390995;0.9453811228440608
other;riparian forest;Lazio;873.9526534193228;0.017246068319550514;0.0288315823573677;1.081196613341325
other;shrublands;Lazio;108.7139;-0.7267;0.0448;0.01
unstocked;gaps;Lazio;;;;
stands;norway spruce;Liguria;978.652174180827;-0.2756747368685268;0.013914368492611335;0.06267152431493019
stands;silver fir;Liguria;1413.9871090763877;-0.3685839386632919;0.01606283260164244;0.46227662549311355
stands;larches;Liguria;446.19366877829447;0.488851369398313;0.0336204358179014;0.21719693239024798
stands;mountain pines;Liguria;2468.1874864601537;0.39874819343352835;0.029132503074195883;0.07120371902709616
stands;mediterranean pines;Liguria;544.1478;-0.1801;0.0428;0.939944890728007
stands;other conifers;Liguria;1564.8269032194373;-0.40822580104231365;0.013033950845075856;0.14619720164199515
stands;european beech;Liguria;1255.3581;-0.2338;0.0177;0.1794789292706208
stands;turkey oak;Liguria;656.1769;-0.4489;0.0111;0.9386590068027084
stands;other oaks;Liguria;185.50879470540087;1.2981907752548607;0.07846189168143021;1.6210052013050176
stands;other broadleaves;Liguria;1539.297529429745;-0.32969642765614304;0.007756816332435527;1.6210052013050176
coppices;european beech;Liguria;251.966;12.2756;0.4691;0.8193936456910635
coppices;sweet chestnut;Liguria;834.7028794727115;4.669282992829216E-5;0.03716365017713387;4.110545250671058
coppices;hornbeams;Liguria;132.2457680569177;-0.8789440296059536;0.019316493636180314;0.7586043770773425
coppices;other oaks;Liguria;112.0376;0.0873;0.0923;0.540634618733207
coppices;turkey oak;Liguria;102.10539363705617;0.00974316710126711;0.01388459586426801;2.3743767092933243
coppices;evergreen oaks;Liguria;287.287909295127;0.0268141990722124;0.0112243076297137;2.05522294226776
coppices;other broadleaves;Liguria;185.50879470540087;1.2981907752548607;0.07846189168143021;3.8895488999010457
coppices;conifers;Liguria;1564.8269032194373;-0.40822580104231365;0.013033950845075856;0.14619720164199515
plantations;eucaliptuses coppices;Liguria;;;;
plantations;other broadleaves coppices;Liguria;216.200461546513;2.07773806656;0.271242817643649;4.22248639951268
plantations;poplars stands;Liguria;259.003694986362;0.7648742561335107;0.5468587533742549;1.3795044386723805
plantations;other broadleaves stands;Liguria;1539.297529429745;-0.32969642765614304;0.007756816332435527;1.62100520130502
plantations;conifers stands;Liguria;1221.84303535784;0.244922618487083;0.0575437433883206;0.886878228448686
plantations;others;Liguria;894.5601;-0.387;0.0385;0.01
other;rupicolous forest;Liguria;1258.797106816612;0.004433507993428246;0.028546854020314094;0.7346246501702192
other;riparian forest;Liguria;1105.2336465850246;-0.005919056614357332;0.02635827988452926;0.6259639232278754
other;shrublands;Liguria;108.7139;-0.7267;0.0448;0.01
unstocked;gaps;Liguria;;;;
stands;norway spruce;Lombardia;978.652174180827;-0.2756747368685268;0.013914368492611335;0.06267152431493019
stands;silver fir;Lombardia;1106.8373629480668;-0.25402754733340166;0.015249740588000573;0.034984924369068804
stands;larches;Lombardia;446.19366877829447;0.488851369398313;0.0336204358179014;0.21719693239024798
stands;mountain pines;Lombardia;2468.1874864601537;0.39874819343352835;0.029132503074195883;0.07120371902709616
stands;mediterranean pines;Lombardia;0;0;0;0
stands;other conifers;Lombardia;1564.8269032194373;-0.40822580104231365;0.013033950845075856;0.14619720164199515
stands;european beech;Lombardia;1268.3953;-0.0927;0.0176;0.06219639761630678
stands;turkey oak;Lombardia;699.3262361227534;-0.543888330949425;0.009700830225382047;0.9386590068027084
stands;other oaks;Lombardia;185.50879470540087;1.2981907752548607;0.07846189168143021;1.6210052013050176
stands;other broadleaves;Lombardia;1539.297529429745;-0.32969642765614304;0.007756816332435527;1.6210052013050176
coppices;european beech;Lombardia;549.1051;0.0322;0.0271;0.3064
coppices;sweet chestnut;Lombardia;834.7028794727115;4.669282992829216E-5;0.03716365017713387;4.110545250671058
coppices;hornbeams;Lombardia;132.2457680569177;-0.8789440296059536;0.019316493636180314;0.7586043770773425
coppices;other oaks;Lombardia;427.0641176042783;-0.769557499184613;0.0096789476296109;0.5406346187332073
coppices;turkey oak;Lombardia;102.1054;0.0097;0.0139;2.3743767092933243
coppices;evergreen oaks;Lombardia;0;0;0;0
coppices;other broadleaves;Lombardia;185.50879470540087;1.2981907752548607;0.07846189168143021;3.8895488999010457
coppices;conifers;Lombardia;1564.8269032194373;-0.40822580104231365;0.013033950845075856;0.14619720164199515
plantations;eucaliptuses coppices;Lombardia;0;0;0;0
plantations;other broadleaves coppices;Lombardia;216.200461546513;2.07773806656;0.271242817643649;4.22248639951268
plantations;poplars stands;Lombardia;586.855104506933;0.24163385809219;0.174796187889127;4.16746100853644
plantations;other broadleaves stands;Lombardia;1539.297529429745;-0.32969642765614304;0.007756816332435527;1.62100520130502
plantations;conifers stands;Lombardia;1221.84303535784;0.244922618487083;0.0575437433883206;0.886878228448686
plantations;others;Lombardia;894.5601;-0.387;0.0385;0.01
other;rupicolous forest;Lombardia;1126.2745072499763;-0.013855833345350253;0.020435631820911446;0.30976546178589537
other;riparian forest;Lombardia;1139.6917173160755;0.031286388248543545;0.024274504117448095;0.5305689009747099
other;shrublands;Lombardia;108.7139;-0.7267;0.0448;0.01
unstocked;gaps;Lombardia;;;;
stands;norway spruce;Marche;978.652174180827;-0.2756747368685268;0.013914368492611335;0.06267152431493019
stands;silver fir;Marche;1413.9871090763877;-0.3685839386632919;0.01606283260164244;0.46227662549311355
stands;larches;Marche;;;;
stands;mountain pines;Marche;1669.7136;-0.7454;0.012;0.30372697714069274
stands;mediterranean pines;Marche;544.1478;-0.1801;0.0428;0.9399448907280074
stands;other conifers;Marche;1564.8269032194373;-0.40822580104231365;0.013033950845075856;0.14619720164199515
stands;european beech;Marche;257.2772;0.4174;0.0245;0.737156034369038
stands;turkey oak;Marche;576.3162;-0.3453;0.0141;0.938659006802708
stands;other oaks;Marche;185.50879470540087;1.2981907752548607;0.07846189168143021;1.6210052013050176
stands;other broadleaves;Marche;1539.297529429745;-0.32969642765614304;0.007756816332435527;1.6210052013050176
coppices;european beech;Marche;308.0085122114066;8.948444204707121E-4;0.018184611887029495;1.9883351986226188
coppices;sweet chestnut;Marche;1387.8078;0.2059;0.0358;2.8546959777934813
coppices;hornbeams;Marche;132.2457680569177;-0.8789440296059536;0.019316493636180314;0.7586043770773425
coppices;other oaks;Marche;97.5658;-0.7715;0.0218;1.09298887752848
coppices;turkey oak;Marche;102.10539363705617;0.00974316710126711;0.01388459586426801;2.3743767092933243
coppices;evergreen oaks;Marche;287.2879092951269;0.026814199072212445;0.011224307629713673;2.055222942267763
coppices;other broadleaves;Marche;185.50879470540087;1.2981907752548607;0.07846189168143021;3.8895488999010457
coppices;conifers;Marche;1564.8269032194373;-0.40822580104231365;0.013033950845075856;0.14619720164199515
plantations;eucaliptuses coppices;Marche;;;;
plantations;other broadleaves coppices;Marche;216.200461546513;2.07773806656;0.271242817643649;4.22248639951268
plantations;poplars stands;Marche;259.003694986362;0.7648742561335107;0.5468587533742549;1.3795044386723805
plantations;other broadleaves stands;Marche;1539.297529429745;-0.32969642765614304;0.007756816332435527;1.62100520130502
plantations;conifers stands;Marche;1221.84303535784;0.244922618487083;0.0575437433883206;0.886878228448686
plantations;others;Marche;894.5601;-0.387;0.0385;0.01
other;rupicolous forest;Marche;826.3521005180629;-0.04447641719250123;0.023785402317089442;0.7778732244427028
other;riparian forest;Marche;969.9697011790886;-0.10415445877504607;0.024736651105910595;0.75918251812228
other;shrublands;Marche;108.7139;-0.7267;0.0448;0.01
unstocked;gaps;Marche;;;;
stands;norway spruce;Molise;;;;
stands;silver fir;Molise;754.2263312598599;-0.010681587840758674;0.026455352702692326;0.40303722965949995
stands;larches;Molise;;;;
stands;mountain pines;Molise;1554.6318;-0.7102;0.0136;0.30372697714069274
stands;mediterranean pines;Molise;;;;
stands;other conifers;Molise;1564.8269032194373;-0.40822580104231365;0.013033950845075856;0.14619720164199515
stands;european beech;Molise;986.828;-0.2353;0.0166;0.24857206407613264
stands;turkey oak;Molise;692.8594366864904;-0.3743168711296393;0.018200129331584318;0.4482457695904715
stands;other oaks;Molise;185.50879470540087;1.2981907752548607;0.07846189168143021;1.6210052013050176
stands;other broadleaves;Molise;1539.297529429745;-0.32969642765614304;0.007756816332435527;1.6210052013050176
coppices;european beech;Molise;289.02160556349213;0.6609496583871942;0.0399279389455036;0.6720856909218254
coppices;sweet chestnut;Molise;479.325;1.5156;0.1241;2.85469597779348
coppices;hornbeams;Molise;132.2457680569177;-0.8789440296059536;0.019316493636180314;0.7586043770773425
coppices;other oaks;Molise;117.20027224747203;-0.7012291466611559;0.06701076231462127;0.755728726739528
coppices;turkey oak;Molise;132.2466;-0.3911;0.0522;0.6036110780343331
coppices;evergreen oaks;Molise;287.2879092951269;0.026814199072212445;0.011224307629713673;2.055222942267763
coppices;other broadleaves;Molise;185.50879470540087;1.2981907752548607;0.07846189168143021;3.8895488999010457
coppices;conifers;Molise;1564.8269032194373;-0.40822580104231365;0.013033950845075856;0.14619720164199515
plantations;eucaliptuses coppices;Molise;;;;
plantations;other broadleaves coppices;Molise;216.200461546513;2.07773806656;0.271242817643649;4.22248639951268
plantations;poplars stands;Molise;259.003694986362;0.7648742561335107;0.5468587533742549;1.3795044386723805
plantations;other broadleaves stands;Molise;1539.297529429745;-0.32969642765614304;0.007756816332435527;1.62100520130502
plantations;conifers stands;Molise;1221.84303535784;0.244922618487083;0.0575437433883206;0.886878228448686
plantations;others;Molise;894.5601;-0.387;0.0385;0.01
other;rupicolous forest;Molise;935.3236502033462;-0.22368957297025646;0.01949324691721488;0.5776835425991877
other;riparian forest;Molise;1039.7398279001334;-0.11003284463057059;0.024872591556174033;0.6845413778169753
other;shrublands;Molise;108.7139;-0.7267;0.0448;0.01
unstocked;gaps;Molise;;;;
stands;norway spruce;Piemonte;978.652174180827;-0.2756747368685268;0.013914368492611335;0.0626715243149302
stands;silver fir;Piemonte;1106.8373629480668;-0.25402754733340166;0.015249740588000573;0.0349849243690688
stands;larches;Piemonte;446.19366877829447;0.488851369398313;0.0336204358179014;0.217196932390248
stands;mountain pines;Piemonte;2468.1874864601537;0.39874819343352835;0.029132503074195883;0.0712037190270962
stands;mediterranean pines;Piemonte;;;;
stands;other conifers;Piemonte;1564.8269032194373;-0.40822580104231365;0.013033950845075856;0.146197201641995
stands;european beech;Piemonte;1268.3953;-0.0927;0.0176;0.06219639761630678
stands;turkey oak;Piemonte;656.1769;-0.4489;0.0111;0.9386590068027084
stands;other oaks;Piemonte;185.50879470540087;1.2981907752548607;0.07846189168143021;1.62100520130502
stands;other broadleaves;Piemonte;1539.297529429745;-0.32969642765614304;0.007756816332435527;1.62100520130502
coppices;european beech;Piemonte;251.966014089384;12.2755806794746;0.469101704381577;0.819393645691064
coppices;sweet chestnut;Piemonte;834.702879472712;4.66928299282922E-5;0.0371636501771339;4.11054525067106
coppices;hornbeams;Piemonte;132.245768056918;-0.878944029605954;0.0193164936361803;0.758604377077343
coppices;other oaks;Piemonte;427.064117604278;-0.769557499184613;0.0096789476296109;0.540634618733207
coppices;turkey oak;Piemonte;102.105393637056;0.00974316710126711;0.013884595864268;2.37437670929332
coppices;evergreen oaks;Piemonte;;;;
coppices;other broadleaves;Piemonte;185.508794705401;1.29819077525486;0.0784618916814302;3.88954889990105
coppices;conifers;Piemonte;1564.82690321944;-0.408225801042314;0.0130339508450759;0.146197201641995
plantations;eucaliptuses coppices;Piemonte;;;;
plantations;other broadleaves coppices;Piemonte;216.200461546513;2.07773806656;0.271242817643649;4.22248639951268
plantations;poplars stands;Piemonte;586.855104506933;0.24163385809219;0.174796187889127;4.16746100853644
plantations;other broadleaves stands;Piemonte;1539.297529429745;-0.32969642765614304;0.007756816332435527;1.62100520130502
plantations;conifers stands;Piemonte;1221.84303535784;0.244922618487083;0.0575437433883206;0.886878228448686
plantations;others;Piemonte;894.5601;-0.387;0.0385;0.01
other;rupicolous forest;Piemonte;1114.9043332400724;0.1760725834309848;0.024586550506228218;0.607533275015003
other;riparian forest;Piemonte;1134.8973466357695;0.0418406472429241;0.02442996742573898;0.5305689009747103
other;shrublands;Piemonte;108.7139;-0.7267;0.0448;0.01
unstocked;gaps;Piemonte;;;;
stands;norway spruce;Puglia;;;;
stands;silver fir;Puglia;;;;
stands;larches;Puglia;;;;
stands;mountain pines;Puglia;1597.4177;-0.7206;0.0132;0.303726977140693
stands;mediterranean pines;Puglia;544.1478;-0.1801;0.0428;0.9399448907280074
stands;other conifers;Puglia;1564.8269032194373;-0.40822580104231365;0.013033950845075856;0.14619720164199515
stands;european beech;Puglia;1236.3173;-0.1028;0.0187;0.2082037814670487
stands;turkey oak;Puglia;1042.19424845161;-0.809586144807437;0.00779917611692698;0.972619375464717
stands;other oaks;Puglia;185.50879470540087;1.2981907752548607;0.07846189168143021;1.6210052013050176
stands;other broadleaves;Puglia;1539.297529429745;-0.32969642765614304;0.007756816332435527;1.6210052013050176
coppices;european beech;Puglia;289.02160556349213;0.6609496583871942;0.0399279389455036;0.6720856909218254
coppices;sweet chestnut;Puglia;779.9772;0.1069;0.0257;6.7700286782747705
coppices;hornbeams;Puglia;132.2457680569177;-0.8789440296059536;0.019316493636180314;0.7586043770773425
coppices;other oaks;Puglia;174.0780142170503;8.797400028902475E-4;0.023757311041107988;0.706937729036226
coppices;turkey oak;Puglia;132.2466;-0.3911;0.0522;0.6036110780343331
coppices;evergreen oaks;Puglia;287.2879092951269;0.026814199072212445;0.011224307629713673;2.055222942267763
coppices;other broadleaves;Puglia;185.50879470540087;1.2981907752548607;0.07846189168143021;3.8895488999010457
coppices;conifers;Puglia;1564.8269032194373;-0.40822580104231365;0.013033950845075856;0.14619720164199515
plantations;eucaliptuses coppices;Puglia;210.7963;2.985;0.2712;5.790935728851702
plantations;other broadleaves coppices;Puglia;216.200461546513;2.07773806656;0.271242817643649;4.22248639951268
plantations;poplars stands;Puglia;259.003694986362;0.7648742561335107;0.5468587533742549;1.3795044386723805
plantations;other broadleaves stands;Puglia;1539.297529429745;-0.32969642765614304;0.007756816332435527;1.62100520130502
plantations;conifers stands;Puglia;1221.84303535784;0.244922618487083;0.0575437433883206;0.886878228448686
plantations;others;Puglia;894.5601;-0.387;0.0385;0.01
other;rupicolous forest;Puglia;1025.4315184507523;-0.19298621274899957;0.025863029708057334;1.1454250363480218
other;riparian forest;Puglia;1101.3871822580275;-0.17897394260729044;0.025964547853695508;0.8303860898646424
other;shrublands;Puglia;108.7139;-0.7267;0.0448;0.01
unstocked;gaps;Puglia;;;;
stands;norway spruce;Sardegna;;;;
stands;silver fir;Sardegna;;;;
stands;larches;Sardegna;;;;
stands;mountain pines;Sardegna;1501.8783;-0.7027;0.0144;0.30372697714069274
stands;mediterranean pines;Sardegna;544.1478;-0.1801;0.0428;0.9399448907280074
stands;other conifers;Sardegna;1564.8269032194373;-0.40822580104231365;0.013033950845075856;0.14619720164199515
stands;european beech;Sardegna;0;0;0;0
stands;turkey oak;Sardegna;412.2018;0.2132;0.015;1.62704339442899
stands;other oaks;Sardegna;184.782;1.8318;0.0628;1.6210052013050176
stands;other broadleaves;Sardegna;1539.297529429745;-0.32969642765614304;0.007756816332435527;1.6210052013050176
coppices;european beech;Sardegna;;;;
coppices;sweet chestnut;Sardegna;563.786071754784;0.275749526726553;0.121536056986967;3.95899636776032
coppices;hornbeams;Sardegna;0;0;0;0
coppices;other oaks;Sardegna;199.5373;1.7504;0.061;0.5406346187332073
coppices;turkey oak;Sardegna;132.2466;-0.3911;0.0522;0.6036110780343331
coppices;evergreen oaks;Sardegna;287.2879092951269;0.026814199072212445;0.011224307629713673;2.055222942267763
coppices;other broadleaves;Sardegna;185.50879470540087;1.2981907752548607;0.07846189168143021;3.8895488999010457
coppices;conifers;Sardegna;1564.8269032194373;-0.40822580104231365;0.013033950845075856;0.14619720164199515
plantations;eucaliptuses coppices;Sardegna;210.7963;2.985;0.2712;5.790935728851702
plantations;other broadleaves coppices;Sardegna;216.200461546513;2.07773806656;0.271242817643649;4.22248639951268
plantations;poplars stands;Sardegna;259.003694986362;0.7648742561335107;0.5468587533742549;1.3795044386723805
plantations;other broadleaves stands;Sardegna;1539.297529429745;-0.32969642765614304;0.007756816332435527;1.62100520130502
plantations;conifers stands;Sardegna;1221.84303535784;0.244922618487083;0.0575437433883206;0.886878228448686
plantations;others;Sardegna;894.5601;-0.387;0.0385;0.01
other;rupicolous forest;Sardegna;451.93980162014157;1.1262751330806224;0.050127851520339724;1.4526283292005953
other;riparian forest;Sardegna;821.0191903784546;0.06061111018593478;0.02225582388250163;0.8941318380785315
other;shrublands;Sardegna;108.7139;-0.7267;0.0448;0.01
unstocked;gaps;Sardegna;;;;
stands;norway spruce;Sicilia;;;;
stands;silver fir;Sicilia;;;;
stands;larches;Sicilia;;;;
stands;mountain pines;Sicilia;739.0548;0.4737;0.0407;2.135554868506388
stands;mediterranean pines;Sicilia;1170.83413383125;-0.436159569924533;0.0136925294186294;0.618994947519844
stands;other conifers;Sicilia;1564.8269032194373;-0.40822580104231365;0.013033950845075856;0.14619720164199515
stands;european beech;Sicilia;849.3126897413397;9.403567208095319E-4;0.02586837131642797;0.2500879579063796
stands;turkey oak;Sicilia;1371.7424;-0.5185;0.0098;0.26081288637711797
stands;other oaks;Sicilia;185.50879470540087;1.2981907752548607;0.07846189168143021;1.6210052013050176
stands;other broadleaves;Sicilia;1539.297529429745;-0.32969642765614304;0.007756816332435527;1.6210052013050176
coppices;european beech;Sicilia;289.02160556349213;0.6609496583871942;0.0399279389455036;0.6720856909218254
coppices;sweet chestnut;Sicilia;779.9772;0.1069;0.0257;6.7700286782747705
coppices;hornbeams;Sicilia;132.2457680569177;-0.8789440296059536;0.019316493636180314;0.7586043770773425
coppices;other oaks;Sicilia;117.20027224747203;-0.7012291466611559;0.06701076231462127;0.755728726739528
coppices;turkey oak;Sicilia;132.2466;-0.3911;0.0522;0.6036110780343331
coppices;evergreen oaks;Sicilia;287.2879092951269;0.026814199072212445;0.011224307629713673;2.055222942267763
coppices;other broadleaves;Sicilia;185.50879470540087;1.2981907752548607;0.07846189168143021;3.8895488999010457
coppices;conifers;Sicilia;1564.8269032194373;-0.40822580104231365;0.013033950845075856;0.14619720164199515
plantations;eucaliptuses coppices;Sicilia;210.7963;2.985;0.2712;5.790935728851702
plantations;other broadleaves coppices;Sicilia;216.200461546513;2.07773806656;0.271242817643649;4.22248639951268
plantations;poplars stands;Sicilia;259.003694986362;0.7648742561335107;0.5468587533742549;1.3795044386723805
plantations;other broadleaves stands;Sicilia;1539.297529429745;-0.32969642765614304;0.007756816332435527;1.62100520130502
plantations;conifers stands;Sicilia;1221.84303535784;0.244922618487083;0.0575437433883206;0.886878228448686
plantations;others;Sicilia;894.5601;-0.387;0.0385;0.01
other;rupicolous forest;Sicilia;964.7228003431106;0.2041128938190242;0.03379500394972835;1.2952513529463243
other;riparian forest;Sicilia;1060.0824644181675;0.011464190478954386;0.02704479422771414;0.9505226092231086
other;shrublands;Sicilia;108.7139;-0.7267;0.0448;0.01
unstocked;gaps;Sicilia;;;;
stands;norway spruce;Toscana;978.652174180827;-0.2756747368685268;0.013914368492611335;0.06267152431493019
stands;silver fir;Toscana;1413.9871090763877;-0.3685839386632919;0.01606283260164244;0.46227662549311355
stands;larches;Toscana;446.19366877829447;0.488851369398313;0.0336204358179014;0.21719693239024798
stands;mountain pines;Toscana;983.2571;-0.3832;0.0265;0.30372697714069274
stands;mediterranean pines;Toscana;544.1478;-0.1801;0.0428;0.939944890728007
stands;other conifers;Toscana;1564.8269032194373;-0.40822580104231365;0.013033950845075856;0.14619720164199515
stands;european beech;Toscana;1255.3581;-0.2338;0.0177;0.1794789292706208
stands;turkey oak;Toscana;656.1769;-0.4489;0.0111;0.9386590068027084
stands;other oaks;Toscana;185.50879470540087;1.2981907752548607;0.07846189168143021;1.6210052013050176
stands;other broadleaves;Toscana;1539.297529429745;-0.32969642765614304;0.007756816332435527;1.6210052013050176
coppices;european beech;Toscana;308.0085122114066;8.948444204707121E-4;0.018184611887029495;1.9883351986226188
coppices;sweet chestnut;Toscana;1387.807844749139;0.20591732760155437;0.03583024141444879;2.8546959777934813
coppices;hornbeams;Toscana;132.2457680569177;-0.8789440296059536;0.019316493636180314;0.7586043770773425
coppices;other oaks;Toscana;427.0641176042783;-0.769557499184613;0.0096789476296109;0.5406346187332073
coppices;turkey oak;Toscana;102.10539363705617;0.00974316710126711;0.01388459586426801;2.3743767092933243
coppices;evergreen oaks;Toscana;287.2879092951269;0.026814199072212445;0.011224307629713673;2.055222942267763
coppices;other broadleaves;Toscana;185.50879470540087;1.2981907752548607;0.07846189168143021;3.8895488999010457
coppices;conifers;Toscana;1564.8269032194373;-0.40822580104231365;0.013033950845075856;0.14619720164199515
plantations;eucaliptuses coppices;Toscana;;;;
plantations;other broadleaves coppices;Toscana;216.200461546513;2.07773806656;0.271242817643649;4.22248639951268
plantations;poplars stands;Toscana;259.003694986362;0.7648742561335107;0.5468587533742549;1.3795044386723805
plantations;other broadleaves stands;Toscana;1539.297529429745;-0.32969642765614304;0.007756816332435527;1.62100520130502
plantations;conifers stands;Toscana;1221.84303535784;0.244922618487083;0.0575437433883206;0.886878228448686
plantations;others;Toscana;894.5601;-0.387;0.0385;0.01
other;rupicolous forest;Toscana;912.237468167428;-0.08003840285994976;0.03061339598968641;0.8524812078082569
other;riparian forest;Toscana;956.7406079390094;-0.0841138759577102;0.026095029577109675;0.6492162490392351
other;shrublands;Toscana;108.7139;-0.7267;0.0448;0.01
unstocked;gaps;Toscana;;;;
stands;norway spruce;Trentino;978.652174180827;-0.2756747368685268;0.013914368492611335;0.06267152431493019
stands;silver fir;Trentino;1106.8373629480668;-0.25402754733340166;0.015249740588000573;0.034984924369068804
stands;larches;Trentino;446.19366877829447;0.488851369398313;0.0336204358179014;0.21719693239024798
stands;mountain pines;Trentino;2468.1874864601537;0.39874819343352835;0.029132503074195883;0.07120371902709616
stands;mediterranean pines;Trentino;;;;
stands;other conifers;Trentino;1564.8269032194373;-0.40822580104231365;0.013033950845075856;0.14619720164199515
stands;european beech;Trentino;1268.3953;-0.0927;0.0176;0.06219639761630678
stands;turkey oak;Trentino;699.3262361227534;-0.543888330949425;0.009700830225382047;0.9386590068027084
stands;other oaks;Trentino;185.50879470540087;1.2981907752548607;0.07846189168143021;1.6210052013050176
stands;other broadleaves;Trentino;1539.297529429745;-0.32969642765614304;0.007756816332435527;1.6210052013050176
coppices;european beech;Trentino;903.785074321556;0.549045725978702;0.0378980205006273;1.15090545860323
coppices;sweet chestnut;Trentino;834.7028794727115;4.669282992829216E-5;0.03716365017713387;4.110545250671058
coppices;hornbeams;Trentino;132.2457680569177;-0.8789440296059536;0.019316493636180314;0.7586043770773425
coppices;other oaks;Trentino;427.0641176042783;-0.769557499184613;0.0096789476296109;0.5406346187332073
coppices;turkey oak;Trentino;102.10539363705617;0.00974316710126711;0.01388459586426801;2.3743767092933243
coppices;evergreen oaks;Trentino;;;;
coppices;other broadleaves;Trentino;185.50879470540087;1.2981907752548607;0.07846189168143021;3.8895488999010457
coppices;conifers;Trentino;1564.8269032194373;-0.40822580104231365;0.013033950845075856;0.14619720164199515
plantations;eucaliptuses coppices;Trentino;;;;
plantations;other broadleaves coppices;Trentino;;;;
plantations;poplars stands;Trentino;;;;
plantations;other broadleaves stands;Trentino;;;;
plantations;conifers stands;Trentino;1221.84303535784;0.244922618487083;0.0575437433883206;0.886878228448686
plantations;others;Trentino;;;;
other;rupicolous forest;Trentino;1090.527382392793;0.030078687122792824;0.02161691905118955;0.148185562093974
other;riparian forest;Trentino;1139.6917173160755;0.031286388248543545;0.024274504117448095;0.5305689009747099
other;shrublands;Trentino;108.7139;-0.7267;0.0448;0.01
unstocked;gaps;Trentino;;;;
stands;norway spruce;Umbria;;;;
stands;silver fir;Umbria;;;;
stands;larches;Umbria;;;;
stands;mountain pines;Umbria;983.2571;-0.3832;0.0265;0.30372697714069274
stands;mediterranean pines;Umbria;544.1478;-0.1801;0.0428;0.9399448907280074
stands;other conifers;Umbria;1564.8269032194373;-0.40822580104231365;0.013033950845075856;0.14619720164199515
stands;european beech;Umbria;1255.3581;-0.2338;0.0177;0.1794789292706208
stands;turkey oak;Umbria;656.1769;-0.4489;0.0111;0.9386590068027084
stands;other oaks;Umbria;185.50879470540087;1.2981907752548607;0.07846189168143021;1.6210052013050176
stands;other broadleaves;Umbria;1539.297529429745;-0.32969642765614304;0.007756816332435527;1.6210052013050176
coppices;european beech;Umbria;308.0085122114066;8.948444204707121E-4;0.018184611887029495;1.9883351986226188
coppices;sweet chestnut;Umbria;1387.807844749139;0.20591732760155437;0.03583024141444879;2.8546959777934813
coppices;hornbeams;Umbria;132.2457680569177;-0.8789440296059536;0.019316493636180314;0.7586043770773425
coppices;other oaks;Umbria;88.3292;-0.7068;0.0608;1.6426043790310518
coppices;turkey oak;Umbria;102.10539363705617;0.00974316710126711;0.01388459586426801;2.3743767092933243
coppices;evergreen oaks;Umbria;287.2879092951269;0.026814199072212445;0.011224307629713673;2.055222942267763
coppices;other broadleaves;Umbria;185.50879470540087;1.2981907752548607;0.07846189168143021;3.8895488999010457
coppices;conifers;Umbria;1564.8269032194373;-0.40822580104231365;0.013033950845075856;0.14619720164199515
plantations;eucaliptuses coppices;Umbria;;;;
plantations;other broadleaves coppices;Umbria;216.200461546513;2.07773806656;0.271242817643649;4.22248639951268
plantations;poplars stands;Umbria;259.003694986362;0.7648742561335107;0.5468587533742549;1.3795044386723805
plantations;other broadleaves stands;Umbria;1539.297529429745;-0.32969642765614304;0.007756816332435527;1.62100520130502
plantations;conifers stands;Umbria;1221.84303535784;0.244922618487083;0.0575437433883206;0.886878228448686
plantations;others;Umbria;894.5601;-0.387;0.0385;0.01
other;rupicolous forest;Umbria;843.8084865730293;-0.08439347006028033;0.03374215556852271;0.6633245797830889
other;riparian forest;Umbria;961.2247324792262;-0.097961636206228;0.0281932369798488;0.8214310583134371
other;shrublands;Umbria;108.7139;-0.7267;0.0448;0.01
unstocked;gaps;Umbria;;;;
stands;norway spruce;Valle_D_Aosta;978.6521741890946;-0.275674736885573;0.0139143684922992;0.06267152431493019
stands;silver fir;Valle_D_Aosta;1106.8373629480668;-0.25402754733340166;0.015249740588000573;0.034984924369068804
stands;larches;Valle_D_Aosta;446.19366877829447;0.488851369398313;0.0336204358179014;0.21719693239024798
stands;mountain pines;Valle_D_Aosta;2468.1874864601537;0.39874819343352835;0.029132503074195883;0.07120371902709616
stands;mediterranean pines;Valle_D_Aosta;;;;
stands;other conifers;Valle_D_Aosta;1564.8269032194373;-0.40822580104231365;0.013033950845075856;0.14619720164199515
stands;european beech;Valle_D_Aosta;1268.3953;-0.0927;0.0176;0.06219639761630678
stands;turkey oak;Valle_D_Aosta;;;;
stands;other oaks;Valle_D_Aosta;185.50879470540087;1.2981907752548607;0.07846189168143021;1.6210052013050176
stands;other broadleaves;Valle_D_Aosta;1539.297529429745;-0.32969642765614304;0.007756816332435527;1.6210052013050176
coppices;european beech;Valle_D_Aosta;251.966014089384;12.2755806794746;0.469101704381577;0.819393645691064
coppices;sweet chestnut;Valle_D_Aosta;834.702879472712;4.66928299282922E-5;0.0371636501771339;4.11054525067106
coppices;hornbeams;Valle_D_Aosta;132.245768056918;-0.878944029605954;0.0193164936361803;0.758604377077343
coppices;other oaks;Valle_D_Aosta;427.064117604278;-0.769557499184613;0.0096789476296109;0.540634618733207
coppices;turkey oak;Valle_D_Aosta;;;;
coppices;evergreen oaks;Valle_D_Aosta;;;;
coppices;other broadleaves;Valle_D_Aosta;185.508794705401;1.29819077525486;0.0784618916814302;3.88954889990105
coppices;conifers;Valle_D_Aosta;1564.82690321944;-0.408225801042314;0.0130339508450759;0.146197201641995
plantations;eucaliptuses coppices;Valle_D_Aosta;;;;
plantations;other broadleaves coppices;Valle_D_Aosta;;;;
plantations;poplars stands;Valle_D_Aosta;;;;
plantations;other broadleaves stands;Valle_D_Aosta;;;;
plantations;conifers stands;Valle_D_Aosta;;;;
plantations;others;Valle_D_Aosta;;;;
other;rupicolous forest;Valle_D_Aosta;1117.6105467293855;0.24486591439706182;0.026883972384176887;0.284761612568426
other;riparian forest;Valle_D_Aosta;1194.737402466274;0.10318322814615884;0.026096213353917333;0.4795576377462101
other;shrublands;Valle_D_Aosta;108.7139;-0.7267;0.0448;0.01
unstocked;gaps;Valle_D_Aosta;;;;
stands;norway spruce;Veneto;978.652174180827;-0.2756747368685268;0.013914368492611335;0.06267152431493019
stands;silver fir;Veneto;1106.8373629480668;-0.25402754733340166;0.015249740588000573;0.034984924369068804
stands;larches;Veneto;446.19366877829447;0.488851369398313;0.0336204358179014;0.21719693239024798
stands;mountain pines;Veneto;2468.1874864601537;0.39874819343352835;0.029132503074195883;0.07120371902709616
stands;mediterranean pines;Veneto;544.1478;-0.1801;0.0428;0.939944890728007
stands;other conifers;Veneto;1564.8269032194373;-0.40822580104231365;0.013033950845075856;0.14619720164199515
stands;european beech;Veneto;1268.3953;-0.0927;0.0176;0.06219639761630678
stands;turkey oak;Veneto;699.3262361227534;-0.543888330949425;0.009700830225382047;0.9386590068027084
stands;other oaks;Veneto;185.50879470540087;1.2981907752548607;0.07846189168143021;1.6210052013050176
stands;other broadleaves;Veneto;1539.297529429745;-0.32969642765614304;0.007756816332435527;1.6210052013050176
coppices;european beech;Veneto;903.7850743215563;0.549045725978702;0.0378980205006273;1.1509054586032326
coppices;sweet chestnut;Veneto;834.7028794727115;4.669282992829216E-5;0.03716365017713387;4.110545250671058
coppices;hornbeams;Veneto;132.2457680569177;-0.8789440296059536;0.019316493636180314;0.7586043770773425
coppices;other oaks;Veneto;427.0641176042783;-0.769557499184613;0.0096789476296109;0.5406346187332073
coppices;turkey oak;Veneto;102.10539363705617;0.00974316710126711;0.01388459586426801;2.3743767092933243
coppices;evergreen oaks;Veneto;0;0;0;0
coppices;other broadleaves;Veneto;185.50879470540087;1.2981907752548607;0.07846189168143021;3.8895488999010457
coppices;conifers;Veneto;1564.8269032194373;-0.40822580104231365;0.013033950845075856;0.14619720164199515
plantations;eucaliptuses coppices;Veneto;;;;
plantations;other broadleaves coppices;Veneto;216.200461546513;2.07773806656;0.271242817643649;4.22248639951268
plantations;poplars stands;Veneto;586.855104506933;0.24163385809219;0.174796187889127;4.16746100853644
plantations;other broadleaves stands;Veneto;1539.297529429745;-0.32969642765614304;0.007756816332435527;1.62100520130502
plantations;conifers stands;Veneto;1221.84303535784;0.244922618487083;0.0575437433883206;0.886878228448686
plantations;others;Veneto;894.5601;-0.387;0.0385;0.01
other;rupicolous forest;Veneto;1016.034146362732;-0.12879670514391206;0.018025018064279696;0.19314549946228848
other;riparian forest;Veneto;1080.1373255844678;0.010147749423689189;0.026127053705703285;0.5715064999500395
other;shrublands;Veneto;108.7139;-0.7267;0.0448;0.01
unstocked;gaps;Veneto;;;;
