var3;inventory.tipology;regione;a;b
stands;norway spruce;Piemonte;73.005;0.2218
stands;silver fir;Piemonte;73.005;0.2218
stands;larches;Piemonte;73.005;0.2218
stands;mountain pines;Piemonte;73.005;0.2218
stands;mediterranean pines;Piemonte;73.005;0.2218
stands;other conifers;Piemonte;73.005;0.2218
stands;european beech;Piemonte;79.115;0.2502
stands;turkey oak;Piemonte;79.115;0.2502
stands;other oaks;Piemonte;79.115;0.2502
stands;other broadleaves;Piemonte;79.115;0.2502
coppices;european beech;Piemonte;70.208;0.2683
coppices;sweet chestnut;Piemonte;70.208;0.2683
coppices;hornbeams;Piemonte;70.208;0.2683
coppices;other oaks;Piemonte;70.208;0.2683
coppices;turkey oak;Piemonte;70.208;0.2683
coppices;evergreen oaks;Piemonte;70.208;0.2683
coppices;other broadleaves;Piemonte;70.208;0.2683
coppices;conifers;Piemonte;73.005;0.2218
plantations;eucaliptuses coppices;Piemonte;70.208;0.2683
plantations;other broadleaves coppices;Piemonte;70.208;0.2683
plantations;poplars stands;Piemonte;79.115;0.2502
plantations;other broadleaves stands;Piemonte;79.115;0.2502
plantations;conifers stands;Piemonte;73.005;0.2218
plantations;others;Piemonte;68.468;0.362
other;rupicolous forest;Piemonte;68.468;0.362
other;riparian forest;Piemonte;68.648;0.3262
other;shrublands;Piemonte;70.208;0.2683
unstocked;gaps;Piemonte;NA;NA
stands;norway spruce;Valle_D_Aosta;73.005;0.2218
stands;silver fir;Valle_D_Aosta;73.005;0.2218
stands;larches;Valle_D_Aosta;73.005;0.2218
stands;mountain pines;Valle_D_Aosta;73.005;0.2218
stands;mediterranean pines;Valle_D_Aosta;73.005;0.2218
stands;other conifers;Valle_D_Aosta;73.005;0.2218
stands;european beech;Valle_D_Aosta;79.115;0.2502
stands;turkey oak;Valle_D_Aosta;79.115;0.2502
stands;other oaks;Valle_D_Aosta;79.115;0.2502
stands;other broadleaves;Valle_D_Aosta;79.115;0.2502
coppices;european beech;Valle_D_Aosta;70.208;0.2683
coppices;sweet chestnut;Valle_D_Aosta;70.208;0.2683
coppices;hornbeams;Valle_D_Aosta;70.208;0.2683
coppices;other oaks;Valle_D_Aosta;70.208;0.2683
coppices;turkey oak;Valle_D_Aosta;70.208;0.2683
coppices;evergreen oaks;Valle_D_Aosta;70.208;0.2683
coppices;other broadleaves;Valle_D_Aosta;70.208;0.2683
coppices;conifers;Valle_D_Aosta;73.005;0.2218
plantations;eucaliptuses coppices;Valle_D_Aosta;70.208;0.2683
plantations;other broadleaves coppices;Valle_D_Aosta;70.208;0.2683
plantations;poplars stands;Valle_D_Aosta;79.115;0.2502
plantations;other broadleaves stands;Valle_D_Aosta;79.115;0.2502
plantations;conifers stands;Valle_D_Aosta;73.005;0.2218
plantations;others;Valle_D_Aosta;68.468;0.362
other;rupicolous forest;Valle_D_Aosta;68.468;0.362
other;riparian forest;Valle_D_Aosta;68.648;0.3262
other;shrublands;Valle_D_Aosta;70.208;0.2683
unstocked;gaps;Valle_D_Aosta;NA;NA
stands;norway spruce;Lombardia;73.005;0.2218
stands;silver fir;Lombardia;73.005;0.2218
stands;larches;Lombardia;73.005;0.2218
stands;mountain pines;Lombardia;73.005;0.2218
stands;mediterranean pines;Lombardia;73.005;0.2218
stands;other conifers;Lombardia;73.005;0.2218
stands;european beech;Lombardia;79.115;0.2502
stands;turkey oak;Lombardia;79.115;0.2502
stands;other oaks;Lombardia;79.115;0.2502
stands;other broadleaves;Lombardia;79.115;0.2502
coppices;european beech;Lombardia;70.208;0.2683
coppices;sweet chestnut;Lombardia;70.208;0.2683
coppices;hornbeams;Lombardia;70.208;0.2683
coppices;other oaks;Lombardia;70.208;0.2683
coppices;turkey oak;Lombardia;70.208;0.2683
coppices;evergreen oaks;Lombardia;70.208;0.2683
coppices;other broadleaves;Lombardia;70.208;0.2683
coppices;conifers;Lombardia;73.005;0.2218
plantations;eucaliptuses coppices;Lombardia;70.208;0.2683
plantations;other broadleaves coppices;Lombardia;70.208;0.2683
plantations;poplars stands;Lombardia;79.115;0.2502
plantations;other broadleaves stands;Lombardia;79.115;0.2502
plantations;conifers stands;Lombardia;73.005;0.2218
plantations;others;Lombardia;68.468;0.362
other;rupicolous forest;Lombardia;68.468;0.362
other;riparian forest;Lombardia;68.648;0.3262
other;shrublands;Lombardia;70.208;0.2683
unstocked;gaps;Lombardia;NA;NA
stands;norway spruce;Alto_Adige;73.005;0.2218
stands;silver fir;Alto_Adige;73.005;0.2218
stands;larches;Alto_Adige;73.005;0.2218
stands;mountain pines;Alto_Adige;73.005;0.2218
stands;mediterranean pines;Alto_Adige;73.005;0.2218
stands;other conifers;Alto_Adige;73.005;0.2218
stands;european beech;Alto_Adige;79.115;0.2502
stands;turkey oak;Alto_Adige;79.115;0.2502
stands;other oaks;Alto_Adige;79.115;0.2502
stands;other broadleaves;Alto_Adige;79.115;0.2502
coppices;european beech;Alto_Adige;70.208;0.2683
coppices;sweet chestnut;Alto_Adige;70.208;0.2683
coppices;hornbeams;Alto_Adige;70.208;0.2683
coppices;other oaks;Alto_Adige;70.208;0.2683
coppices;turkey oak;Alto_Adige;70.208;0.2683
coppices;evergreen oaks;Alto_Adige;70.208;0.2683
coppices;other broadleaves;Alto_Adige;70.208;0.2683
coppices;conifers;Alto_Adige;73.005;0.2218
plantations;eucaliptuses coppices;Alto_Adige;70.208;0.2683
plantations;other broadleaves coppices;Alto_Adige;70.208;0.2683
plantations;poplars stands;Alto_Adige;79.115;0.2502
plantations;other broadleaves stands;Alto_Adige;79.115;0.2502
plantations;conifers stands;Alto_Adige;73.005;0.2218
plantations;others;Alto_Adige;68.468;0.362
other;rupicolous forest;Alto_Adige;68.468;0.362
other;riparian forest;Alto_Adige;68.648;0.3262
other;shrublands;Alto_Adige;70.208;0.2683
unstocked;gaps;Alto_Adige;NA;NA
stands;norway spruce;Trentino;73.005;0.2218
stands;silver fir;Trentino;73.005;0.2218
stands;larches;Trentino;73.005;0.2218
stands;mountain pines;Trentino;73.005;0.2218
stands;mediterranean pines;Trentino;73.005;0.2218
stands;other conifers;Trentino;73.005;0.2218
stands;european beech;Trentino;79.115;0.2502
stands;turkey oak;Trentino;79.115;0.2502
stands;other oaks;Trentino;79.115;0.2502
stands;other broadleaves;Trentino;79.115;0.2502
coppices;european beech;Trentino;70.208;0.2683
coppices;sweet chestnut;Trentino;70.208;0.2683
coppices;hornbeams;Trentino;70.208;0.2683
coppices;other oaks;Trentino;70.208;0.2683
coppices;turkey oak;Trentino;70.208;0.2683
coppices;evergreen oaks;Trentino;70.208;0.2683
coppices;other broadleaves;Trentino;70.208;0.2683
coppices;conifers;Trentino;73.005;0.2218
plantations;eucaliptuses coppices;Trentino;70.208;0.2683
plantations;other broadleaves coppices;Trentino;70.208;0.2683
plantations;poplars stands;Trentino;79.115;0.2502
plantations;other broadleaves stands;Trentino;79.115;0.2502
plantations;conifers stands;Trentino;73.005;0.2218
plantations;others;Trentino;68.468;0.362
other;rupicolous forest;Trentino;68.468;0.362
other;riparian forest;Trentino;68.648;0.3262
other;shrublands;Trentino;70.208;0.2683
unstocked;gaps;Trentino;NA;NA
stands;norway spruce;Veneto;73.005;0.2218
stands;silver fir;Veneto;73.005;0.2218
stands;larches;Veneto;73.005;0.2218
stands;mountain pines;Veneto;73.005;0.2218
stands;mediterranean pines;Veneto;73.005;0.2218
stands;other conifers;Veneto;73.005;0.2218
stands;european beech;Veneto;79.115;0.2502
stands;turkey oak;Veneto;79.115;0.2502
stands;other oaks;Veneto;79.115;0.2502
stands;other broadleaves;Veneto;79.115;0.2502
coppices;european beech;Veneto;70.208;0.2683
coppices;sweet chestnut;Veneto;70.208;0.2683
coppices;hornbeams;Veneto;70.208;0.2683
coppices;other oaks;Veneto;70.208;0.2683
coppices;turkey oak;Veneto;70.208;0.2683
coppices;evergreen oaks;Veneto;70.208;0.2683
coppices;other broadleaves;Veneto;70.208;0.2683
coppices;conifers;Veneto;73.005;0.2218
plantations;eucaliptuses coppices;Veneto;70.208;0.2683
plantations;other broadleaves coppices;Veneto;70.208;0.2683
plantations;poplars stands;Veneto;79.115;0.2502
plantations;other broadleaves stands;Veneto;79.115;0.2502
plantations;conifers stands;Veneto;73.005;0.2218
plantations;others;Veneto;68.468;0.362
other;rupicolous forest;Veneto;68.468;0.362
other;riparian forest;Veneto;68.648;0.3262
other;shrublands;Veneto;70.208;0.2683
unstocked;gaps;Veneto;NA;NA
stands;norway spruce;Friuli_Venezia_Giulia;73.005;0.2218
stands;silver fir;Friuli_Venezia_Giulia;73.005;0.2218
stands;larches;Friuli_Venezia_Giulia;73.005;0.2218
stands;mountain pines;Friuli_Venezia_Giulia;73.005;0.2218
stands;mediterranean pines;Friuli_Venezia_Giulia;73.005;0.2218
stands;other conifers;Friuli_Venezia_Giulia;73.005;0.2218
stands;european beech;Friuli_Venezia_Giulia;79.115;0.2502
stands;turkey oak;Friuli_Venezia_Giulia;79.115;0.2502
stands;other oaks;Friuli_Venezia_Giulia;79.115;0.2502
stands;other broadleaves;Friuli_Venezia_Giulia;79.115;0.2502
coppices;european beech;Friuli_Venezia_Giulia;70.208;0.2683
coppices;sweet chestnut;Friuli_Venezia_Giulia;70.208;0.2683
coppices;hornbeams;Friuli_Venezia_Giulia;70.208;0.2683
coppices;other oaks;Friuli_Venezia_Giulia;70.208;0.2683
coppices;turkey oak;Friuli_Venezia_Giulia;70.208;0.2683
coppices;evergreen oaks;Friuli_Venezia_Giulia;70.208;0.2683
coppices;other broadleaves;Friuli_Venezia_Giulia;70.208;0.2683
coppices;conifers;Friuli_Venezia_Giulia;73.005;0.2218
plantations;eucaliptuses coppices;Friuli_Venezia_Giulia;70.208;0.2683
plantations;other broadleaves coppices;Friuli_Venezia_Giulia;70.208;0.2683
plantations;poplars stands;Friuli_Venezia_Giulia;79.115;0.2502
plantations;other broadleaves stands;Friuli_Venezia_Giulia;79.115;0.2502
plantations;conifers stands;Friuli_Venezia_Giulia;73.005;0.2218
plantations;others;Friuli_Venezia_Giulia;68.468;0.362
other;rupicolous forest;Friuli_Venezia_Giulia;68.468;0.362
other;riparian forest;Friuli_Venezia_Giulia;68.648;0.3262
other;shrublands;Friuli_Venezia_Giulia;70.208;0.2683
unstocked;gaps;Friuli_Venezia_Giulia;NA;NA
stands;norway spruce;Liguria;73.005;0.2218
stands;silver fir;Liguria;73.005;0.2218
stands;larches;Liguria;73.005;0.2218
stands;mountain pines;Liguria;73.005;0.2218
stands;mediterranean pines;Liguria;73.005;0.2218
stands;other conifers;Liguria;73.005;0.2218
stands;european beech;Liguria;79.115;0.2502
stands;turkey oak;Liguria;79.115;0.2502
stands;other oaks;Liguria;79.115;0.2502
stands;other broadleaves;Liguria;79.115;0.2502
coppices;european beech;Liguria;70.208;0.2683
coppices;sweet chestnut;Liguria;70.208;0.2683
coppices;hornbeams;Liguria;70.208;0.2683
coppices;other oaks;Liguria;70.208;0.2683
coppices;turkey oak;Liguria;70.208;0.2683
coppices;evergreen oaks;Liguria;70.208;0.2683
coppices;other broadleaves;Liguria;70.208;0.2683
coppices;conifers;Liguria;73.005;0.2218
plantations;eucaliptuses coppices;Liguria;70.208;0.2683
plantations;other broadleaves coppices;Liguria;70.208;0.2683
plantations;poplars stands;Liguria;79.115;0.2502
plantations;other broadleaves stands;Liguria;79.115;0.2502
plantations;conifers stands;Liguria;73.005;0.2218
plantations;others;Liguria;68.468;0.362
other;rupicolous forest;Liguria;68.468;0.362
other;riparian forest;Liguria;68.648;0.3262
other;shrublands;Liguria;70.208;0.2683
unstocked;gaps;Liguria;NA;NA
stands;norway spruce;Emilia_Romagna;73.005;0.2218
stands;silver fir;Emilia_Romagna;73.005;0.2218
stands;larches;Emilia_Romagna;73.005;0.2218
stands;mountain pines;Emilia_Romagna;73.005;0.2218
stands;mediterranean pines;Emilia_Romagna;73.005;0.2218
stands;other conifers;Emilia_Romagna;73.005;0.2218
stands;european beech;Emilia_Romagna;79.115;0.2502
stands;turkey oak;Emilia_Romagna;79.115;0.2502
stands;other oaks;Emilia_Romagna;79.115;0.2502
stands;other broadleaves;Emilia_Romagna;79.115;0.2502
coppices;european beech;Emilia_Romagna;70.208;0.2683
coppices;sweet chestnut;Emilia_Romagna;70.208;0.2683
coppices;hornbeams;Emilia_Romagna;70.208;0.2683
coppices;other oaks;Emilia_Romagna;70.208;0.2683
coppices;turkey oak;Emilia_Romagna;70.208;0.2683
coppices;evergreen oaks;Emilia_Romagna;70.208;0.2683
coppices;other broadleaves;Emilia_Romagna;70.208;0.2683
coppices;conifers;Emilia_Romagna;73.005;0.2218
plantations;eucaliptuses coppices;Emilia_Romagna;70.208;0.2683
plantations;other broadleaves coppices;Emilia_Romagna;70.208;0.2683
plantations;poplars stands;Emilia_Romagna;79.115;0.2502
plantations;other broadleaves stands;Emilia_Romagna;79.115;0.2502
plantations;conifers stands;Emilia_Romagna;73.005;0.2218
plantations;others;Emilia_Romagna;68.468;0.362
other;rupicolous forest;Emilia_Romagna;68.468;0.362
other;riparian forest;Emilia_Romagna;68.648;0.3262
other;shrublands;Emilia_Romagna;70.208;0.2683
unstocked;gaps;Emilia_Romagna;NA;NA
stands;norway spruce;Toscana;73.005;0.2218
stands;silver fir;Toscana;73.005;0.2218
stands;larches;Toscana;73.005;0.2218
stands;mountain pines;Toscana;73.005;0.2218
stands;mediterranean pines;Toscana;73.005;0.2218
stands;other conifers;Toscana;73.005;0.2218
stands;european beech;Toscana;79.115;0.2502
stands;turkey oak;Toscana;79.115;0.2502
stands;other oaks;Toscana;79.115;0.2502
stands;other broadleaves;Toscana;79.115;0.2502
coppices;european beech;Toscana;70.208;0.2683
coppices;sweet chestnut;Toscana;70.208;0.2683
coppices;hornbeams;Toscana;70.208;0.2683
coppices;other oaks;Toscana;70.208;0.2683
coppices;turkey oak;Toscana;70.208;0.2683
coppices;evergreen oaks;Toscana;70.208;0.2683
coppices;other broadleaves;Toscana;70.208;0.2683
coppices;conifers;Toscana;73.005;0.2218
plantations;eucaliptuses coppices;Toscana;70.208;0.2683
plantations;other broadleaves coppices;Toscana;70.208;0.2683
plantations;poplars stands;Toscana;79.115;0.2502
plantations;other broadleaves stands;Toscana;79.115;0.2502
plantations;conifers stands;Toscana;73.005;0.2218
plantations;others;Toscana;68.468;0.362
other;rupicolous forest;Toscana;68.468;0.362
other;riparian forest;Toscana;68.648;0.3262
other;shrublands;Toscana;70.208;0.2683
unstocked;gaps;Toscana;NA;NA
stands;norway spruce;Umbria;73.005;0.2218
stands;silver fir;Umbria;73.005;0.2218
stands;larches;Umbria;73.005;0.2218
stands;mountain pines;Umbria;73.005;0.2218
stands;mediterranean pines;Umbria;73.005;0.2218
stands;other conifers;Umbria;73.005;0.2218
stands;european beech;Umbria;79.115;0.2502
stands;turkey oak;Umbria;79.115;0.2502
stands;other oaks;Umbria;79.115;0.2502
stands;other broadleaves;Umbria;79.115;0.2502
coppices;european beech;Umbria;70.208;0.2683
coppices;sweet chestnut;Umbria;70.208;0.2683
coppices;hornbeams;Umbria;70.208;0.2683
coppices;other oaks;Umbria;70.208;0.2683
coppices;turkey oak;Umbria;70.208;0.2683
coppices;evergreen oaks;Umbria;70.208;0.2683
coppices;other broadleaves;Umbria;70.208;0.2683
coppices;conifers;Umbria;73.005;0.2218
plantations;eucaliptuses coppices;Umbria;70.208;0.2683
plantations;other broadleaves coppices;Umbria;70.208;0.2683
plantations;poplars stands;Umbria;79.115;0.2502
plantations;other broadleaves stands;Umbria;79.115;0.2502
plantations;conifers stands;Umbria;73.005;0.2218
plantations;others;Umbria;68.468;0.362
other;rupicolous forest;Umbria;68.468;0.362
other;riparian forest;Umbria;68.648;0.3262
other;shrublands;Umbria;70.208;0.2683
unstocked;gaps;Umbria;NA;NA
stands;norway spruce;Marche;73.005;0.2218
stands;silver fir;Marche;73.005;0.2218
stands;larches;Marche;73.005;0.2218
stands;mountain pines;Marche;73.005;0.2218
stands;mediterranean pines;Marche;73.005;0.2218
stands;other conifers;Marche;73.005;0.2218
stands;european beech;Marche;79.115;0.2502
stands;turkey oak;Marche;79.115;0.2502
stands;other oaks;Marche;79.115;0.2502
stands;other broadleaves;Marche;79.115;0.2502
coppices;european beech;Marche;70.208;0.2683
coppices;sweet chestnut;Marche;70.208;0.2683
coppices;hornbeams;Marche;70.208;0.2683
coppices;other oaks;Marche;70.208;0.2683
coppices;turkey oak;Marche;70.208;0.2683
coppices;evergreen oaks;Marche;70.208;0.2683
coppices;other broadleaves;Marche;70.208;0.2683
coppices;conifers;Marche;73.005;0.2218
plantations;eucaliptuses coppices;Marche;70.208;0.2683
plantations;other broadleaves coppices;Marche;70.208;0.2683
plantations;poplars stands;Marche;79.115;0.2502
plantations;other broadleaves stands;Marche;79.115;0.2502
plantations;conifers stands;Marche;73.005;0.2218
plantations;others;Marche;68.468;0.362
other;rupicolous forest;Marche;68.468;0.362
other;riparian forest;Marche;68.648;0.3262
other;shrublands;Marche;70.208;0.2683
unstocked;gaps;Marche;NA;NA
stands;norway spruce;Lazio;73.005;0.2218
stands;silver fir;Lazio;73.005;0.2218
stands;larches;Lazio;73.005;0.2218
stands;mountain pines;Lazio;73.005;0.2218
stands;mediterranean pines;Lazio;73.005;0.2218
stands;other conifers;Lazio;73.005;0.2218
stands;european beech;Lazio;79.115;0.2502
stands;turkey oak;Lazio;79.115;0.2502
stands;other oaks;Lazio;79.115;0.2502
stands;other broadleaves;Lazio;79.115;0.2502
coppices;european beech;Lazio;70.208;0.2683
coppices;sweet chestnut;Lazio;70.208;0.2683
coppices;hornbeams;Lazio;70.208;0.2683
coppices;other oaks;Lazio;70.208;0.2683
coppices;turkey oak;Lazio;70.208;0.2683
coppices;evergreen oaks;Lazio;70.208;0.2683
coppices;other broadleaves;Lazio;70.208;0.2683
coppices;conifers;Lazio;73.005;0.2218
plantations;eucaliptuses coppices;Lazio;70.208;0.2683
plantations;other broadleaves coppices;Lazio;70.208;0.2683
plantations;poplars stands;Lazio;79.115;0.2502
plantations;other broadleaves stands;Lazio;79.115;0.2502
plantations;conifers stands;Lazio;73.005;0.2218
plantations;others;Lazio;68.468;0.362
other;rupicolous forest;Lazio;68.468;0.362
other;riparian forest;Lazio;68.648;0.3262
other;shrublands;Lazio;70.208;0.2683
unstocked;gaps;Lazio;NA;NA
stands;norway spruce;Abruzzo;73.005;0.2218
stands;silver fir;Abruzzo;73.005;0.2218
stands;larches;Abruzzo;73.005;0.2218
stands;mountain pines;Abruzzo;73.005;0.2218
stands;mediterranean pines;Abruzzo;73.005;0.2218
stands;other conifers;Abruzzo;73.005;0.2218
stands;european beech;Abruzzo;79.115;0.2502
stands;turkey oak;Abruzzo;79.115;0.2502
stands;other oaks;Abruzzo;79.115;0.2502
stands;other broadleaves;Abruzzo;79.115;0.2502
coppices;european beech;Abruzzo;70.208;0.2683
coppices;sweet chestnut;Abruzzo;70.208;0.2683
coppices;hornbeams;Abruzzo;70.208;0.2683
coppices;other oaks;Abruzzo;70.208;0.2683
coppices;turkey oak;Abruzzo;70.208;0.2683
coppices;evergreen oaks;Abruzzo;70.208;0.2683
coppices;other broadleaves;Abruzzo;70.208;0.2683
coppices;conifers;Abruzzo;73.005;0.2218
plantations;eucaliptuses coppices;Abruzzo;70.208;0.2683
plantations;other broadleaves coppices;Abruzzo;70.208;0.2683
plantations;poplars stands;Abruzzo;79.115;0.2502
plantations;other broadleaves stands;Abruzzo;79.115;0.2502
plantations;conifers stands;Abruzzo;73.005;0.2218
plantations;others;Abruzzo;68.468;0.362
other;rupicolous forest;Abruzzo;68.468;0.362
other;riparian forest;Abruzzo;68.648;0.3262
other;shrublands;Abruzzo;70.208;0.2683
unstocked;gaps;Abruzzo;NA;NA
stands;norway spruce;Molise;73.005;0.2218
stands;silver fir;Molise;73.005;0.2218
stands;larches;Molise;73.005;0.2218
stands;mountain pines;Molise;73.005;0.2218
stands;mediterranean pines;Molise;73.005;0.2218
stands;other conifers;Molise;73.005;0.2218
stands;european beech;Molise;79.115;0.2502
stands;turkey oak;Molise;79.115;0.2502
stands;other oaks;Molise;79.115;0.2502
stands;other broadleaves;Molise;79.115;0.2502
coppices;european beech;Molise;70.208;0.2683
coppices;sweet chestnut;Molise;70.208;0.2683
coppices;hornbeams;Molise;70.208;0.2683
coppices;other oaks;Molise;70.208;0.2683
coppices;turkey oak;Molise;70.208;0.2683
coppices;evergreen oaks;Molise;70.208;0.2683
coppices;other broadleaves;Molise;70.208;0.2683
coppices;conifers;Molise;73.005;0.2218
plantations;eucaliptuses coppices;Molise;70.208;0.2683
plantations;other broadleaves coppices;Molise;70.208;0.2683
plantations;poplars stands;Molise;79.115;0.2502
plantations;other broadleaves stands;Molise;79.115;0.2502
plantations;conifers stands;Molise;73.005;0.2218
plantations;others;Molise;68.468;0.362
other;rupicolous forest;Molise;68.468;0.362
other;riparian forest;Molise;68.648;0.3262
other;shrublands;Molise;70.208;0.2683
unstocked;gaps;Molise;NA;NA
stands;norway spruce;Campania;73.005;0.2218
stands;silver fir;Campania;73.005;0.2218
stands;larches;Campania;73.005;0.2218
stands;mountain pines;Campania;73.005;0.2218
stands;mediterranean pines;Campania;73.005;0.2218
stands;other conifers;Campania;73.005;0.2218
stands;european beech;Campania;79.115;0.2502
stands;turkey oak;Campania;79.115;0.2502
stands;other oaks;Campania;79.115;0.2502
stands;other broadleaves;Campania;79.115;0.2502
coppices;european beech;Campania;70.208;0.2683
coppices;sweet chestnut;Campania;70.208;0.2683
coppices;hornbeams;Campania;70.208;0.2683
coppices;other oaks;Campania;70.208;0.2683
coppices;turkey oak;Campania;70.208;0.2683
coppices;evergreen oaks;Campania;70.208;0.2683
coppices;other broadleaves;Campania;70.208;0.2683
coppices;conifers;Campania;73.005;0.2218
plantations;eucaliptuses coppices;Campania;70.208;0.2683
plantations;other broadleaves coppices;Campania;70.208;0.2683
plantations;poplars stands;Campania;79.115;0.2502
plantations;other broadleaves stands;Campania;79.115;0.2502
plantations;conifers stands;Campania;73.005;0.2218
plantations;others;Campania;68.468;0.362
other;rupicolous forest;Campania;68.468;0.362
other;riparian forest;Campania;68.648;0.3262
other;shrublands;Campania;70.208;0.2683
unstocked;gaps;Campania;NA;NA
stands;norway spruce;Puglia;73.005;0.2218
stands;silver fir;Puglia;73.005;0.2218
stands;larches;Puglia;73.005;0.2218
stands;mountain pines;Puglia;73.005;0.2218
stands;mediterranean pines;Puglia;73.005;0.2218
stands;other conifers;Puglia;73.005;0.2218
stands;european beech;Puglia;79.115;0.2502
stands;turkey oak;Puglia;79.115;0.2502
stands;other oaks;Puglia;79.115;0.2502
stands;other broadleaves;Puglia;79.115;0.2502
coppices;european beech;Puglia;70.208;0.2683
coppices;sweet chestnut;Puglia;70.208;0.2683
coppices;hornbeams;Puglia;70.208;0.2683
coppices;other oaks;Puglia;70.208;0.2683
coppices;turkey oak;Puglia;70.208;0.2683
coppices;evergreen oaks;Puglia;70.208;0.2683
coppices;other broadleaves;Puglia;70.208;0.2683
coppices;conifers;Puglia;73.005;0.2218
plantations;eucaliptuses coppices;Puglia;70.208;0.2683
plantations;other broadleaves coppices;Puglia;70.208;0.2683
plantations;poplars stands;Puglia;79.115;0.2502
plantations;other broadleaves stands;Puglia;79.115;0.2502
plantations;conifers stands;Puglia;73.005;0.2218
plantations;others;Puglia;68.468;0.362
other;rupicolous forest;Puglia;68.468;0.362
other;riparian forest;Puglia;68.648;0.3262
other;shrublands;Puglia;70.208;0.2683
unstocked;gaps;Puglia;NA;NA
stands;norway spruce;Basilicata;73.005;0.2218
stands;silver fir;Basilicata;73.005;0.2218
stands;larches;Basilicata;73.005;0.2218
stands;mountain pines;Basilicata;73.005;0.2218
stands;mediterranean pines;Basilicata;73.005;0.2218
stands;other conifers;Basilicata;73.005;0.2218
stands;european beech;Basilicata;79.115;0.2502
stands;turkey oak;Basilicata;79.115;0.2502
stands;other oaks;Basilicata;79.115;0.2502
stands;other broadleaves;Basilicata;79.115;0.2502
coppices;european beech;Basilicata;70.208;0.2683
coppices;sweet chestnut;Basilicata;70.208;0.2683
coppices;hornbeams;Basilicata;70.208;0.2683
coppices;other oaks;Basilicata;70.208;0.2683
coppices;turkey oak;Basilicata;70.208;0.2683
coppices;evergreen oaks;Basilicata;70.208;0.2683
coppices;other broadleaves;Basilicata;70.208;0.2683
coppices;conifers;Basilicata;73.005;0.2218
plantations;eucaliptuses coppices;Basilicata;70.208;0.2683
plantations;other broadleaves coppices;Basilicata;70.208;0.2683
plantations;poplars stands;Basilicata;79.115;0.2502
plantations;other broadleaves stands;Basilicata;79.115;0.2502
plantations;conifers stands;Basilicata;73.005;0.2218
plantations;others;Basilicata;68.468;0.362
other;rupicolous forest;Basilicata;68.468;0.362
other;riparian forest;Basilicata;68.648;0.3262
other;shrublands;Basilicata;70.208;0.2683
unstocked;gaps;Basilicata;NA;NA
stands;norway spruce;Calabria;73.005;0.2218
stands;silver fir;Calabria;73.005;0.2218
stands;larches;Calabria;73.005;0.2218
stands;mountain pines;Calabria;73.005;0.2218
stands;mediterranean pines;Calabria;73.005;0.2218
stands;other conifers;Calabria;73.005;0.2218
stands;european beech;Calabria;79.115;0.2502
stands;turkey oak;Calabria;79.115;0.2502
stands;other oaks;Calabria;79.115;0.2502
stands;other broadleaves;Calabria;79.115;0.2502
coppices;european beech;Calabria;70.208;0.2683
coppices;sweet chestnut;Calabria;70.208;0.2683
coppices;hornbeams;Calabria;70.208;0.2683
coppices;other oaks;Calabria;70.208;0.2683
coppices;turkey oak;Calabria;70.208;0.2683
coppices;evergreen oaks;Calabria;70.208;0.2683
coppices;other broadleaves;Calabria;70.208;0.2683
coppices;conifers;Calabria;73.005;0.2218
plantations;eucaliptuses coppices;Calabria;70.208;0.2683
plantations;other broadleaves coppices;Calabria;70.208;0.2683
plantations;poplars stands;Calabria;79.115;0.2502
plantations;other broadleaves stands;Calabria;79.115;0.2502
plantations;conifers stands;Calabria;73.005;0.2218
plantations;others;Calabria;68.468;0.362
other;rupicolous forest;Calabria;68.468;0.362
other;riparian forest;Calabria;68.648;0.3262
other;shrublands;Calabria;70.208;0.2683
unstocked;gaps;Calabria;NA;NA
stands;norway spruce;Sicilia;73.005;0.2218
stands;silver fir;Sicilia;73.005;0.2218
stands;larches;Sicilia;73.005;0.2218
stands;mountain pines;Sicilia;73.005;0.2218
stands;mediterranean pines;Sicilia;73.005;0.2218
stands;other conifers;Sicilia;73.005;0.2218
stands;european beech;Sicilia;79.115;0.2502
stands;turkey oak;Sicilia;79.115;0.2502
stands;other oaks;Sicilia;79.115;0.2502
stands;other broadleaves;Sicilia;79.115;0.2502
coppices;european beech;Sicilia;70.208;0.2683
coppices;sweet chestnut;Sicilia;70.208;0.2683
coppices;hornbeams;Sicilia;70.208;0.2683
coppices;other oaks;Sicilia;70.208;0.2683
coppices;turkey oak;Sicilia;70.208;0.2683
coppices;evergreen oaks;Sicilia;70.208;0.2683
coppices;other broadleaves;Sicilia;70.208;0.2683
coppices;conifers;Sicilia;73.005;0.2218
plantations;eucaliptuses coppices;Sicilia;70.208;0.2683
plantations;other broadleaves coppices;Sicilia;70.208;0.2683
plantations;poplars stands;Sicilia;79.115;0.2502
plantations;other broadleaves stands;Sicilia;79.115;0.2502
plantations;conifers stands;Sicilia;73.005;0.2218
plantations;others;Sicilia;68.468;0.362
other;rupicolous forest;Sicilia;68.468;0.362
other;riparian forest;Sicilia;68.648;0.3262
other;shrublands;Sicilia;70.208;0.2683
unstocked;gaps;Sicilia;NA;NA
stands;norway spruce;Sardegna;73.005;0.2218
stands;silver fir;Sardegna;73.005;0.2218
stands;larches;Sardegna;73.005;0.2218
stands;mountain pines;Sardegna;73.005;0.2218
stands;mediterranean pines;Sardegna;73.005;0.2218
stands;other conifers;Sardegna;73.005;0.2218
stands;european beech;Sardegna;79.115;0.2502
stands;turkey oak;Sardegna;79.115;0.2502
stands;other oaks;Sardegna;79.115;0.2502
stands;other broadleaves;Sardegna;79.115;0.2502
coppices;european beech;Sardegna;70.208;0.2683
coppices;sweet chestnut;Sardegna;70.208;0.2683
coppices;hornbeams;Sardegna;70.208;0.2683
coppices;other oaks;Sardegna;70.208;0.2683
coppices;turkey oak;Sardegna;70.208;0.2683
coppices;evergreen oaks;Sardegna;70.208;0.2683
coppices;other broadleaves;Sardegna;70.208;0.2683
coppices;conifers;Sardegna;73.005;0.2218
plantations;eucaliptuses coppices;Sardegna;70.208;0.2683
plantations;other broadleaves coppices;Sardegna;70.208;0.2683
plantations;poplars stands;Sardegna;79.115;0.2502
plantations;other broadleaves stands;Sardegna;79.115;0.2502
plantations;conifers stands;Sardegna;73.005;0.2218
plantations;others;Sardegna;68.468;0.362
other;rupicolous forest;Sardegna;68.468;0.362
other;riparian forest;Sardegna;68.648;0.3262
other;shrublands;Sardegna;70.208;0.2683
unstocked;gaps;Sardegna;NA;NA
stands;norway spruce;Italia;73.005;0.2218
stands;silver fir;Italia;73.005;0.2218
stands;larches;Italia;73.005;0.2218
stands;mountain pines;Italia;73.005;0.2218
stands;mediterranean pines;Italia;73.005;0.2218
stands;other conifers;Italia;73.005;0.2218
stands;european beech;Italia;79.115;0.2502
stands;turkey oak;Italia;79.115;0.2502
stands;other oaks;Italia;79.115;0.2502
stands;other broadleaves;Italia;79.115;0.2502
coppices;european beech;Italia;70.208;0.2683
coppices;sweet chestnut;Italia;70.208;0.2683
coppices;hornbeams;Italia;70.208;0.2683
coppices;other oaks;Italia;70.208;0.2683
coppices;turkey oak;Italia;70.208;0.2683
coppices;evergreen oaks;Italia;70.208;0.2683
coppices;other broadleaves;Italia;70.208;0.2683
coppices;conifers;Italia;73.005;0.2218
plantations;eucaliptuses coppices;Italia;70.208;0.2683
plantations;other broadleaves coppices;Italia;70.208;0.2683
plantations;poplars stands;Italia;79.115;0.2502
plantations;other broadleaves stands;Italia;79.115;0.2502
plantations;conifers stands;Italia;73.005;0.2218
plantations;others;Italia;68.468;0.362
other;rupicolous forest;Italia;68.468;0.362
other;riparian forest;Italia;68.648;0.3262
other;shrublands;Italia;70.208;0.2683
unstocked;gaps;Italia;NA;NA
