pools;management;var3;inventory.tipology;surface;total.growing.stock
aboveground biomass;productive;stands;norway spruce;2289.8989082190546;9176.57850778082
aboveground biomass;productive;stands;silver fir;941.9714679958568;93488.63274950343
aboveground biomass;productive;stands;larches;0;0
aboveground biomass;productive;stands;mountain pines;7322.941810263704;1011395.3052951975
aboveground biomass;productive;stands;mediterranean pines;1013.0851366148113;105086.76692662695
aboveground biomass;productive;stands;other conifers;0;0
aboveground biomass;productive;stands;european beech;61787.33711522303;1.260228782340565E7
aboveground biomass;productive;stands;turkey oak;7301.103519727563;1135337.7097534572
aboveground biomass;productive;stands;other oaks;17326.982482598014;1959953.2289747298
aboveground biomass;productive;stands;other broadleaves;12716.679559357963;1646722.8530162026
aboveground biomass;productive;coppices;european beech;46734.04709713434;6947542.984666274
aboveground biomass;productive;coppices;sweet chestnut;6068.128494985714;873958.8945979596
aboveground biomass;productive;coppices;hornbeams;10409.27674228664;804108.2959178697
aboveground biomass;productive;coppices;other oaks;27177.595634840516;1734783.3196390772
aboveground biomass;productive;coppices;turkey oak;4595.024520433228;465932.3314211888
aboveground biomass;productive;coppices;evergreen oaks;1091.6023399329335;107032.48020768852
aboveground biomass;productive;coppices;other broadleaves;19690.739632133966;1540035.7040212099
aboveground biomass;productive;coppices;conifers;2133.931616790929;258446.9922535402
aboveground biomass;productive;plantations;eucaliptuses coppices;0;0
aboveground biomass;productive;plantations;other broadleaves coppices;33.34642286740244;3401.1099598605592
aboveground biomass;productive;plantations;poplars stands;167.90280055533412;15969.486740716966
aboveground biomass;productive;plantations;other broadleaves stands;545.6989924907508;46278.30622428507
aboveground biomass;productive;plantations;conifers stands;41.19020635543981;4999.575713631384
aboveground biomass;productive;plantations;others;1911.8615777310729;440923.5492039094
aboveground biomass;protective;other;rupicolous forest;22500;1401827.0501477672
aboveground biomass;protective;other;riparian forest;0;0
aboveground biomass;protective;other;shrublands;62100;3300684.036779108
aboveground biomass;NA;unstocked;gaps;6300;0
