pools;management;var3;inventory.tipology;surface;total.growing.stock
aboveground biomass;productive;stands;norway spruce;132158.0731012009;3.76740846529614E7
aboveground biomass;productive;stands;silver fir;4130.557053144679;1340248.7841161476
aboveground biomass;productive;stands;larches;48924.495888751066;9440108.313038103
aboveground biomass;productive;stands;mountain pines;46408.09288606265;8814400.448049558
aboveground biomass;productive;stands;mediterranean pines;0;0
aboveground biomass;productive;stands;other conifers;2062.698748879593;236024.9794332456
aboveground biomass;productive;stands;european beech;4004.3085515290068;504546.33808140043
aboveground biomass;productive;stands;turkey oak;0;0
aboveground biomass;productive;stands;other oaks;3201.0977371563486;220867.20390527128
aboveground biomass;productive;stands;other broadleaves;3910.6760332757262;291432.03026023146
aboveground biomass;productive;coppices;european beech;2418.7821634210686;322091.90228315315
aboveground biomass;productive;coppices;sweet chestnut;3086.0567408200527;409060.50482503045
aboveground biomass;productive;coppices;hornbeams;2918.2787311711813;212103.14861408673
aboveground biomass;productive;coppices;other oaks;3244.7860011075463;209245.23605066148
aboveground biomass;productive;coppices;turkey oak;0;0
aboveground biomass;productive;coppices;evergreen oaks;0;0
aboveground biomass;productive;coppices;other broadleaves;1645.8563078862321;112912.8656312662
aboveground biomass;productive;coppices;conifers;1086.2835785097984;130866.19912031795
aboveground biomass;productive;plantations;eucaliptuses coppices;0;0
aboveground biomass;productive;plantations;other broadleaves coppices;0;0
aboveground biomass;productive;plantations;poplars stands;0;0
aboveground biomass;productive;plantations;other broadleaves stands;0;0
aboveground biomass;productive;plantations;conifers stands;900;109240
aboveground biomass;productive;plantations;others;0;0
aboveground biomass;protective;other;rupicolous forest;31500;2004584.6925476089
aboveground biomass;protective;other;riparian forest;0;0
aboveground biomass;protective;other;shrublands;14400;781766.007530606
aboveground biomass;NA;unstocked;gaps;9000;0
