pools;management;var3;inventory.tipology;surface;total.growing.stock
aboveground biomass;productive;stands;norway spruce;0;0
aboveground biomass;productive;stands;silver fir;1047.5957672671207;89136.90664462045
aboveground biomass;productive;stands;larches;0;0
aboveground biomass;productive;stands;mountain pines;3228.421152800819;376720.5012195475
aboveground biomass;productive;stands;mediterranean pines;2918.081749566726;295933.47057547077
aboveground biomass;productive;stands;other conifers;952.2004298121622;99585.2829539517
aboveground biomass;productive;stands;european beech;25797.537663337695;5214913.640401421
aboveground biomass;productive;stands;turkey oak;30948.790304367027;4540039.655988462
aboveground biomass;productive;stands;other oaks;18450.179286236926;1861248.038763094
aboveground biomass;productive;stands;other broadleaves;29157.193646611526;3400228.41440712
aboveground biomass;productive;coppices;european beech;4369.525877616873;424505.6189881051
aboveground biomass;productive;coppices;sweet chestnut;6508.860962726826;654403.9634918306
aboveground biomass;productive;coppices;hornbeams;5034.844162261288;229468.96282597992
aboveground biomass;productive;coppices;other oaks;31995.593920239644;1259604.0021128617
aboveground biomass;productive;coppices;turkey oak;8415.34379629909;662807.9142850102
aboveground biomass;productive;coppices;evergreen oaks;9451.602938795766;730220.5044492071
aboveground biomass;productive;coppices;other broadleaves;13165.796589551606;605065.5912383443
aboveground biomass;productive;coppices;conifers;1158.53308353569;82574.1627025642
aboveground biomass;productive;plantations;eucaliptuses coppices;0;0
aboveground biomass;productive;plantations;other broadleaves coppices;13.58642445600733;1385.723551817332
aboveground biomass;productive;plantations;poplars stands;68.40909817427773;6506.491747756776
aboveground biomass;productive;plantations;other broadleaves stands;22.267236566568982;1888.3853677148645
aboveground biomass;productive;plantations;conifers stands;16.782238658725706;2036.9908345324407
aboveground biomass;productive;plantations;others;778.9550021444202;179646.69001992387
aboveground biomass;protective;other;rupicolous forest;25200;1579083.0182851087
aboveground biomass;protective;other;riparian forest;900;166788.35752562457
aboveground biomass;protective;other;shrublands;70200;3752683.771511562
aboveground biomass;NA;unstocked;gaps;4500;0
