pools;management;var3;inventory.tipology;surface;total.growing.stock
aboveground biomass;productive;stands;norway spruce;0;0
aboveground biomass;productive;stands;silver fir;3878.5453080142624;455914.82616028807
aboveground biomass;productive;stands;larches;0;0
aboveground biomass;productive;stands;mountain pines;73512.7814458103;1.1754951580124125E7
aboveground biomass;productive;stands;mediterranean pines;9482.12084041208;1169001.343413321
aboveground biomass;productive;stands;other conifers;1005.4285002906055;124303.7206356278
aboveground biomass;productive;stands;european beech;54528.24526992722;1.2387815132058375E7
aboveground biomass;productive;stands;turkey oak;4948.07139625526;781942.1008967167
aboveground biomass;productive;stands;other oaks;26230.525202198314;3233640.2617023787
aboveground biomass;productive;stands;other broadleaves;55914.28203709197;7797564.591058087
aboveground biomass;productive;coppices;european beech;28819.030593827127;3434764.5125585524
aboveground biomass;productive;coppices;sweet chestnut;33460.47129352674;3970279.2518192297
aboveground biomass;productive;coppices;hornbeams;5944.291766281891;271099.36075330485
aboveground biomass;productive;coppices;other oaks;14366.704606580513;410298.78445446416
aboveground biomass;productive;coppices;turkey oak;12797.616843221816;1113782.5037853953
aboveground biomass;productive;coppices;evergreen oaks;20955.001958090983;1908184.2811494768
aboveground biomass;productive;coppices;other broadleaves;29871.16502828828;1352569.8930829237
aboveground biomass;productive;coppices;conifers;3185.9248161131263;264072.7536664605
aboveground biomass;productive;plantations;eucaliptuses coppices;300;30091.918092502787
aboveground biomass;productive;plantations;other broadleaves coppices;252.84001509694667;25787.974230907523
aboveground biomass;productive;plantations;poplars stands;1812.1020058796785;172351.7348132928
aboveground biomass;productive;plantations;other broadleaves stands;826.5837826419474;70098.89690016294
aboveground biomass;productive;plantations;conifers stands;312.3133308231512;37907.898065690046
aboveground biomass;productive;plantations;others;14496.160865558279;3343180.68479529
aboveground biomass;protective;other;rupicolous forest;44100;2749795.2436226816
aboveground biomass;protective;other;riparian forest;900;165967.50931840722
aboveground biomass;protective;other;shrublands;118800;6319440.69130441
aboveground biomass;NA;unstocked;gaps;16200;0
