pools;management;var3;inventory.tipology;surface;total.growing.stock
aboveground biomass;productive;stands;norway spruce;0;0
aboveground biomass;productive;stands;silver fir;1127.1161274930355;123274.85761716831
aboveground biomass;productive;stands;larches;0;0
aboveground biomass;productive;stands;mountain pines;1831.7890192746445;131585.58516410118
aboveground biomass;productive;stands;mediterranean pines;1281.4432202336473;102954.46696222814
aboveground biomass;productive;stands;other conifers;0;0
aboveground biomass;productive;stands;european beech;41527.366791798355;8589155.70529334
aboveground biomass;productive;stands;turkey oak;7587.0811518164855;1189324.2917647215
aboveground biomass;productive;stands;other oaks;5152.0645848486865;494690.59623655607
aboveground biomass;productive;stands;other broadleaves;11693.139104535143;1410102.5577153875
aboveground biomass;productive;coppices;european beech;8913.947228957502;1094716.213856631
aboveground biomass;productive;coppices;sweet chestnut;33262.80332421862;3890975.5331325005
aboveground biomass;productive;coppices;hornbeams;18956.043700168335;1011015.9031706501
aboveground biomass;productive;coppices;other oaks;46646.7155163184;1821651.310451173
aboveground biomass;productive;coppices;turkey oak;20222.23611560309;1754903.8961075046
aboveground biomass;productive;coppices;evergreen oaks;8776.103271517915;776278.1767368907
aboveground biomass;productive;coppices;other broadleaves;47177.38146457191;2379311.6988289
aboveground biomass;productive;coppices;conifers;5045.283764712883;444092.60472311365
aboveground biomass;productive;plantations;eucaliptuses coppices;0;0
aboveground biomass;productive;plantations;other broadleaves coppices;325.1559448540272;33163.710750875136
aboveground biomass;productive;plantations;poplars stands;2181.6633940729535;207501.27174247877
aboveground biomass;productive;plantations;other broadleaves stands;949.2669936709619;80503.11476881798
aboveground biomass;productive;plantations;conifers stands;401.63949577115983;48750.10946449057
aboveground biomass;productive;plantations;others;18642.274171630896;4299379.091420856
aboveground biomass;protective;other;rupicolous forest;24300;1510737.9348722922
aboveground biomass;protective;other;riparian forest;900;165479.48878617148
aboveground biomass;protective;other;shrublands;64800;3436831.9853343153
aboveground biomass;NA;unstocked;gaps;7200;0
