pools;management;var3;inventory.tipology;surface;total.growing.stock
aboveground biomass;productive;stands;norway spruce;3351.052879189362;16382.041640121686
aboveground biomass;productive;stands;silver fir;1579.551261079437;72757.8126998936
aboveground biomass;productive;stands;larches;1619.725740304573;5154.313460522121
aboveground biomass;productive;stands;mountain pines;7395.184148463076;817565.7604735803
aboveground biomass;productive;stands;mediterranean pines;1733.4920726627274;207443.93874379032
aboveground biomass;productive;stands;other conifers;856.6151715120374;91790.03598301868
aboveground biomass;productive;stands;european beech;5899.893848289002;947819.4505073631
aboveground biomass;productive;stands;turkey oak;4319.468947614507;613743.7979806743
aboveground biomass;productive;stands;other oaks;4370.1482237353075;487757.0675992174
aboveground biomass;productive;stands;other broadleaves;8474.867707149971;1076635.4758812569
aboveground biomass;productive;coppices;european beech;66746.90550720453;9280648.95190182
aboveground biomass;productive;coppices;sweet chestnut;24352.254625279304;3192191.9318428924
aboveground biomass;productive;coppices;hornbeams;48006.81772911213;3513130.423370301
aboveground biomass;productive;coppices;other oaks;42878.110601197;2563847.1644154373
aboveground biomass;productive;coppices;turkey oak;34838.44857954434;3461494.7424537456
aboveground biomass;productive;coppices;evergreen oaks;1804.823610754915;99221.88288304419
aboveground biomass;productive;coppices;other broadleaves;69876.68309458076;5298430.018004499
aboveground biomass;productive;coppices;conifers;7596.5244014142245;863235.316702649
aboveground biomass;productive;plantations;eucaliptuses coppices;0;0
aboveground biomass;productive;plantations;other broadleaves coppices;103.45496122230581;10551.707462275726
aboveground biomass;productive;plantations;poplars stands;16458.40677880622;1565383.7098497534
aboveground biomass;productive;plantations;other broadleaves stands;778.9307284391866;66057.6531645788
aboveground biomass;productive;plantations;conifers stands;127.78975478675508;15510.836458783477
aboveground biomass;productive;plantations;others;5931.417776745533;1367934.691714212
aboveground biomass;protective;other;rupicolous forest;18000;1118968.4477014758
aboveground biomass;protective;other;riparian forest;23400;4302094.967576969
aboveground biomass;protective;other;shrublands;41400;2195564.0513324146
aboveground biomass;NA;unstocked;gaps;12600;0
