pools;management;var3;inventory.tipology;surface;total.growing.stock
aboveground biomass;productive;stands;norway spruce;31405.546417580717;8919287.75412763
aboveground biomass;productive;stands;silver fir;6264.75766695596;2371922.0112056127
aboveground biomass;productive;stands;larches;7828.262372892324;1596005.616580042
aboveground biomass;productive;stands;mountain pines;14509.016739030658;3020332.7255925057
aboveground biomass;productive;stands;mediterranean pines;922.7513722350984;128728.40846952959
aboveground biomass;productive;stands;other conifers;926.5486295221533;123459.39258369448
aboveground biomass;productive;stands;european beech;37814.48554675684;9539329.717226319
aboveground biomass;productive;stands;turkey oak;0;0
aboveground biomass;productive;stands;other oaks;1856.476827366954;221959.65226509207
aboveground biomass;productive;stands;other broadleaves;10072.154427659298;1595104.3936932692
aboveground biomass;productive;coppices;european beech;9947.39510428257;1610640.3412097502
aboveground biomass;productive;coppices;sweet chestnut;6224.034725694601;1028004.9754003236
aboveground biomass;productive;coppices;hornbeams;12744.371682820105;1128550.2806830993
aboveground biomass;productive;coppices;other oaks;3424.0356005707654;266645.7624024963
aboveground biomass;productive;coppices;turkey oak;0;0
aboveground biomass;productive;coppices;evergreen oaks;0;0
aboveground biomass;productive;coppices;other broadleaves;33353.66730051755;3192608.1482031443
aboveground biomass;productive;coppices;conifers;9006.63470243926;1301764.712575215
aboveground biomass;productive;plantations;eucaliptuses coppices;0;0
aboveground biomass;productive;plantations;other broadleaves coppices;18.8456855357521;1922.1326686498473
aboveground biomass;productive;plantations;poplars stands;1546.502942628837;147090.21025919024
aboveground biomass;productive;plantations;other broadleaves stands;30.88681201169246;2619.373251991586
aboveground biomass;productive;plantations;conifers stands;23.278589107264683;2825.5034156417714
aboveground biomass;productive;plantations;others;1080.4859707164537;249187.3442211847
aboveground biomass;protective;other;rupicolous forest;64800;4056353.751201937
aboveground biomass;protective;other;riparian forest;11700;2166035.042712323
aboveground biomass;protective;other;shrublands;18000;961244.2531506498
aboveground biomass;NA;unstocked;gaps;6300;0
