pools;management;var3;inventory.tipology;surface;total.growing.stock
aboveground biomass;productive;stands;norway spruce;0;0
aboveground biomass;productive;stands;silver fir;0;0
aboveground biomass;productive;stands;larches;0;0
aboveground biomass;productive;stands;mountain pines;3939.528172070173;549454.4926813012
aboveground biomass;productive;stands;mediterranean pines;3756.62825148354;412907.8912452175
aboveground biomass;productive;stands;other conifers;938.476914862118;105273.88764492222
aboveground biomass;productive;stands;european beech;33727.267225929274;7000033.976129912
aboveground biomass;productive;stands;turkey oak;9198.367907663715;1438915.839108428
aboveground biomass;productive;stands;other oaks;6596.7664926455145;696017.2452341324
aboveground biomass;productive;stands;other broadleaves;8442.96503534567;1099245.8444066118
aboveground biomass;productive;coppices;european beech;35466.311824836615;4187274.5465789414
aboveground biomass;productive;coppices;sweet chestnut;30148.792906857874;3368572.049290508
aboveground biomass;productive;coppices;hornbeams;64082.50518039853;3760335.079953628
aboveground biomass;productive;coppices;other oaks;52054.50459998916;2346810.4793504216
aboveground biomass;productive;coppices;turkey oak;44680.10520814372;3829996.6515425965
aboveground biomass;productive;coppices;evergreen oaks;24966.575159845674;2145715.422904926
aboveground biomass;productive;coppices;other broadleaves;41944.696458478385;2311427.7187504014
aboveground biomass;productive;coppices;conifers;4557.086616712737;408507.3153872406
aboveground biomass;productive;plantations;eucaliptuses coppices;0;0
aboveground biomass;productive;plantations;other broadleaves coppices;93.65184415675755;9551.855717400627
aboveground biomass;productive;plantations;poplars stands;1036.0937498505127;98544.42776208854
aboveground biomass;productive;plantations;other broadleaves stands;585.2012702890275;49628.31883867782
aboveground biomass;productive;plantations;conifers stands;115.6807373829366;14041.070835235552
aboveground biomass;productive;plantations;others;5369.372398320766;1238312.8373105028
aboveground biomass;protective;other;rupicolous forest;21600;1337758.940682617
aboveground biomass;protective;other;riparian forest;900;164848.65976920968
aboveground biomass;protective;other;shrublands;59400;3138419.4796041343
aboveground biomass;NA;unstocked;gaps;12600;0
