pools;management;var3;inventory.tipology;surface;total.growing.stock
aboveground biomass;productive;stands;norway spruce;1656.9401234791644;7230.091698930566
aboveground biomass;productive;stands;silver fir;792.0374966454082;107344.50891544014
aboveground biomass;productive;stands;larches;5831.748085094394;18198.54207022158
aboveground biomass;productive;stands;mountain pines;13391.131809789333;1681726.6961784763
aboveground biomass;productive;stands;mediterranean pines;17393.39095964975;1668576.6233383245
aboveground biomass;productive;stands;other conifers;869.1756704867473;81152.37371394162
aboveground biomass;productive;stands;european beech;1854.1426842257317;278322.7078167585
aboveground biomass;productive;stands;turkey oak;1786.995667150206;216394.28057538794
aboveground biomass;productive;stands;other oaks;957.6553320337457;80646.88471186023
aboveground biomass;productive;stands;other broadleaves;11266.782171445519;1326755.1215684712
aboveground biomass;productive;coppices;european beech;20118.466789935082;2763620.7559327874
aboveground biomass;productive;coppices;sweet chestnut;86870.0267720104;1.2408755910055548E7
aboveground biomass;productive;coppices;hornbeams;12080.754700600373;832987.8915256165
aboveground biomass;productive;coppices;other oaks;44891.50343654966;2501211.5453331107
aboveground biomass;productive;coppices;turkey oak;9162.718595380424;886764.2441396461
aboveground biomass;productive;coppices;evergreen oaks;6901.861905263806;679450.0614407717
aboveground biomass;productive;coppices;other broadleaves;57704.69482699685;4035643.7029631245
aboveground biomass;productive;coppices;conifers;6170.534715742529;680299.9449349784
aboveground biomass;productive;plantations;eucaliptuses coppices;0;0
aboveground biomass;productive;plantations;other broadleaves coppices;4;0
aboveground biomass;productive;plantations;poplars stands;1;0
aboveground biomass;productive;plantations;other broadleaves stands;0;0
aboveground biomass;productive;plantations;conifers stands;5;0
aboveground biomass;productive;plantations;others;0;0
aboveground biomass;protective;other;rupicolous forest;21600;1314748.5600976136
aboveground biomass;protective;other;riparian forest;0;0
aboveground biomass;protective;other;shrublands;46800;2430162.083222672
aboveground biomass;NA;unstocked;gaps;6300;0
