pools;management;var3;inventory.tipology;surface;total.growing.stock
aboveground biomass;productive;stands;norway spruce;62406.341303380344;1.3716107013646184E7
aboveground biomass;productive;stands;silver fir;11260.660853472891;3633640.050885249
aboveground biomass;productive;stands;larches;32197.403974940138;5198309.841171471
aboveground biomass;productive;stands;mountain pines;18946.665222201445;3204194.261827883
aboveground biomass;productive;stands;mediterranean pines;0;0
aboveground biomass;productive;stands;other conifers;3883.7562220438044;444932.4252637011
aboveground biomass;productive;stands;european beech;5321.869503109423;871910.0645190134
aboveground biomass;productive;stands;turkey oak;2410.037462068372;316963.1148577172
aboveground biomass;productive;stands;other oaks;2850.6178553280965;198623.05076565573
aboveground biomass;productive;stands;other broadleaves;17322.647603455487;2300612.5083290297
aboveground biomass;productive;coppices;european beech;22486.429624945198;3575579.088225154
aboveground biomass;productive;coppices;sweet chestnut;53975.37897798118;8444970.514099013
aboveground biomass;productive;coppices;hornbeams;41840.04804889915;3611055.1108819908
aboveground biomass;productive;coppices;other oaks;17261.459783694325;1269702.59864029
aboveground biomass;productive;coppices;turkey oak;9134.88591283573;962328.2063624576
aboveground biomass;productive;coppices;evergreen oaks;0;0
aboveground biomass;productive;coppices;other broadleaves;130917.06853920253;1.2381934360171575E7
aboveground biomass;productive;coppices;conifers;15984.944952235093;2261551.894745282
aboveground biomass;productive;plantations;eucaliptuses coppices;0;0
aboveground biomass;productive;plantations;other broadleaves coppices;109.8682618866817;11205.820824057379
aboveground biomass;productive;plantations;poplars stands;40328.088852132336;3835664.90893843
aboveground biomass;productive;plantations;other broadleaves stands;827.217605155204;70152.64857052328
aboveground biomass;productive;plantations;conifers stands;135.71159932269046;16472.372344456344
aboveground biomass;productive;plantations;others;6299.113681503083;1452734.650687103
aboveground biomass;protective;other;rupicolous forest;27900;1728983.5180908632
aboveground biomass;protective;other;riparian forest;20700;3793811.9104733877
aboveground biomass;protective;other;shrublands;48600;2569350.5061443457
aboveground biomass;NA;unstocked;gaps;5400;0
