pools;management;var3;inventory.tipology;surface;total.growing.stock
aboveground biomass;productive;stands;norway spruce;1857.5778472977593;9081.001910503737
aboveground biomass;productive;stands;silver fir;865.5803459899103;9972.024674847155
aboveground biomass;productive;stands;larches;0;0
aboveground biomass;productive;stands;mountain pines;4300.963779007805;192717.38594622014
aboveground biomass;productive;stands;mediterranean pines;2633.021366068743;182024.36916215773
aboveground biomass;productive;stands;other conifers;879.3771643434734;56876.00278518413
aboveground biomass;productive;stands;european beech;7706.430879644388;369495.7973545046
aboveground biomass;productive;stands;turkey oak;2611.8409754456006;179791.66068023376
aboveground biomass;productive;stands;other oaks;1761.3348467834458;105618.00303265615
aboveground biomass;productive;stands;other broadleaves;2583.8727954188716;151684.88412490935
aboveground biomass;productive;coppices;european beech;15914.371850787853;1813519.9822826474
aboveground biomass;productive;coppices;sweet chestnut;3590.9039078604956;384285.5483629685
aboveground biomass;productive;coppices;hornbeams;27605.7089469363;1316573.792599609
aboveground biomass;productive;coppices;other oaks;92779.71858701848;3019341.569702585
aboveground biomass;productive;coppices;turkey oak;10508.95817052462;931278.5344555699
aboveground biomass;productive;coppices;evergreen oaks;6772.698520625038;505265.9171503027
aboveground biomass;productive;coppices;other broadleaves;11785.582939438253;480882.71814743936
aboveground biomass;productive;coppices;conifers;1142.1873464188895;76043.1556820489
aboveground biomass;productive;plantations;eucaliptuses coppices;0;0
aboveground biomass;productive;plantations;other broadleaves coppices;18.80999294951015;1918.492265868314
aboveground biomass;productive;plantations;poplars stands;94.71032341931254;9008.040658352656
aboveground biomass;productive;plantations;other broadleaves stands;584.8055869889431;49594.7626965901
aboveground biomass;productive;plantations;conifers stands;23.234500870319103;2820.152083415177
aboveground biomass;productive;plantations;others;1078.439595771915;248715.39849349306
aboveground biomass;protective;other;rupicolous forest;7200;443906.3116764187
aboveground biomass;protective;other;riparian forest;0;0
aboveground biomass;protective;other;shrublands;17100;899405.1473639309
aboveground biomass;NA;unstocked;gaps;2700;0
