pools;management;var3;inventory.tipology;surface;total.growing.stock
aboveground biomass;productive;stands;norway spruce;0;0
aboveground biomass;productive;stands;silver fir;1766.50523184844;468705.75428392866
aboveground biomass;productive;stands;larches;0;0
aboveground biomass;productive;stands;mountain pines;886.3908888254564;171532.35468868347
aboveground biomass;productive;stands;mediterranean pines;0;0
aboveground biomass;productive;stands;other conifers;0;0
aboveground biomass;productive;stands;european beech;7204.585818651201;1893341.020933591
aboveground biomass;productive;stands;turkey oak;6353.209459056137;1160469.0854682263
aboveground biomass;productive;stands;other oaks;906.7367172500142;107603.64737827965
aboveground biomass;productive;stands;other broadleaves;2682.57188436875;395664.61964883865
aboveground biomass;productive;coppices;european beech;7970.717697207604;923619.6480646192
aboveground biomass;productive;coppices;sweet chestnut;898.4242893621188;100282.25927725746
aboveground biomass;productive;coppices;hornbeams;6579.222478733057;308024.4412236072
aboveground biomass;productive;coppices;other oaks;38039.08985306532;1262053.578548447
aboveground biomass;productive;coppices;turkey oak;19301.616477010117;1641188.2500462835
aboveground biomass;productive;coppices;evergreen oaks;1054.2089416760953;82614.85819437922
aboveground biomass;productive;coppices;other broadleaves;1598.0172859550682;57787.79844690478
aboveground biomass;productive;coppices;conifers;1058.7701517101357;82661.09787012498
aboveground biomass;productive;plantations;eucaliptuses coppices;0;0
aboveground biomass;productive;plantations;other broadleaves coppices;2;0
aboveground biomass;productive;plantations;poplars stands;6;0
aboveground biomass;productive;plantations;other broadleaves stands;0;0
aboveground biomass;productive;plantations;conifers stands;2;0
aboveground biomass;productive;plantations;others;0;0
aboveground biomass;protective;other;rupicolous forest;8100;498420.32847353094
aboveground biomass;protective;other;riparian forest;0;0
aboveground biomass;protective;other;shrublands;22500;1181119.068465559
aboveground biomass;NA;unstocked;gaps;2700;0
