pools;management;var3;inventory.tipology;surface;total.growing.stock
aboveground biomass;productive;stands;norway spruce;1957.6985973952753;376691.57287953654
aboveground biomass;productive;stands;silver fir;13557.86078690691;4121971.0498687387
aboveground biomass;productive;stands;larches;79139.85891928937;1.2037293632251527E7
aboveground biomass;productive;stands;mountain pines;25701.140951622125;4063889.6481655245
aboveground biomass;productive;stands;mediterranean pines;0;0
aboveground biomass;productive;stands;other conifers;943.6350631065121;106615.4605247524
aboveground biomass;productive;stands;european beech;6643.262770863075;1274441.9231061481
aboveground biomass;productive;stands;turkey oak;978.6727601729425;137102.5995654454
aboveground biomass;productive;stands;other oaks;4762.386523545188;500911.0035745453
aboveground biomass;productive;stands;other broadleaves;51715.483627098576;7431260.993966008
aboveground biomass;productive;coppices;european beech;66529.66543673527;9283263.441718478
aboveground biomass;productive;coppices;sweet chestnut;98605.10023630556;1.34087512130391E7
aboveground biomass;productive;coppices;hornbeams;12955.69016797565;811670.5377275861
aboveground biomass;productive;coppices;other oaks;23883.782847864677;1157692.6944254488
aboveground biomass;productive;coppices;turkey oak;12846.59787791474;1195197.8820209883
aboveground biomass;productive;coppices;evergreen oaks;0;0
aboveground biomass;productive;coppices;other broadleaves;123650.6153190582;8790027.642547633
aboveground biomass;productive;coppices;conifers;15228.756804117766;1675688.2966973002
aboveground biomass;productive;plantations;eucaliptuses coppices;0;0
aboveground biomass;productive;plantations;other broadleaves coppices;332.82420184146616;33945.821183483
aboveground biomass;productive;plantations;poplars stands;34852.074001867244;3314832.9379764097
aboveground biomass;productive;plantations;other broadleaves stands;1122.0694018310655;95157.71899417344
aboveground biomass;productive;plantations;conifers stands;411.11148888283833;49899.79893951252
aboveground biomass;productive;plantations;others;19081.92090557739;4400772.728170254
aboveground biomass;protective;other;rupicolous forest;54900;3363233.300579237
aboveground biomass;protective;other;riparian forest;24300;4402605.013378306
aboveground biomass;protective;other;shrublands;57600;3010284.67833366
aboveground biomass;NA;unstocked;gaps;11700;0
