pools;management;var3;inventory.tipology;surface;total.growing.stock
aboveground biomass;productive;stands;norway spruce;0;0
aboveground biomass;productive;stands;silver fir;0;0
aboveground biomass;productive;stands;larches;0;0
aboveground biomass;productive;stands;mountain pines;2091.511061245943;2133.1700413551066
aboveground biomass;productive;stands;mediterranean pines;16640.687273444026;1624641.0809656754
aboveground biomass;productive;stands;other conifers;1020.6629974549039;996.2908705094898
aboveground biomass;productive;stands;european beech;4918.451937650614;152232.108454547
aboveground biomass;productive;stands;turkey oak;9461.94726756564;618763.6596580953
aboveground biomass;productive;stands;other oaks;6190.036856226125;264335.53656599333
aboveground biomass;productive;stands;other broadleaves;19976.702606412746;1410319.3632802274
aboveground biomass;productive;coppices;european beech;1554.208365482579;171770.80112487345
aboveground biomass;productive;coppices;sweet chestnut;1519.3884671762082;177874.20320344903
aboveground biomass;productive;coppices;hornbeams;3459.781760194021;109283.96826643389
aboveground biomass;productive;coppices;other oaks;37954.139361759575;779127.180447676
aboveground biomass;productive;coppices;turkey oak;1488.7864462720104;127503.79869384476
aboveground biomass;productive;coppices;evergreen oaks;7352.591237327185;470874.99318683235
aboveground biomass;productive;coppices;other broadleaves;1493.4055991226546;36795.63857275291
aboveground biomass;productive;coppices;conifers;977.7175761254383;62807.8832683409
aboveground biomass;productive;plantations;eucaliptuses coppices;3;0
aboveground biomass;productive;plantations;other broadleaves coppices;3;0
aboveground biomass;productive;plantations;poplars stands;2;0
aboveground biomass;productive;plantations;other broadleaves stands;0;0
aboveground biomass;productive;plantations;conifers stands;2;0
aboveground biomass;productive;plantations;others;0;0
aboveground biomass;protective;other;rupicolous forest;900;55717.10913329504
aboveground biomass;protective;other;riparian forest;0;0
aboveground biomass;protective;other;shrublands;28800;1521034.2313872594
aboveground biomass;NA;unstocked;gaps;3600;0
