pools;management;var3;inventory.tipology;surface;total.growing.stock
aboveground biomass;productive;stands;norway spruce;0;0
aboveground biomass;productive;stands;silver fir;0;0
aboveground biomass;productive;stands;larches;0;0
aboveground biomass;productive;stands;mountain pines;2201.460520100223;37815.93116713081
aboveground biomass;productive;stands;mediterranean pines;11302.225967207014;480030.56239712285
aboveground biomass;productive;stands;other conifers;1043.8106911183093;21097.89536181225
aboveground biomass;productive;stands;european beech;0;0
aboveground biomass;productive;stands;turkey oak;2272.053496475749;91467.36628292131
aboveground biomass;productive;stands;other oaks;47563.72073511653;2641990.835749747
aboveground biomass;productive;stands;other broadleaves;7616.728589982184;210955.67481065184
aboveground biomass;productive;coppices;european beech;0;0
aboveground biomass;productive;coppices;sweet chestnut;3908.6641506714473;238606.49629017964
aboveground biomass;productive;coppices;hornbeams;0;0
aboveground biomass;productive;coppices;other oaks;24413.739484508547;182565.29249701495
aboveground biomass;productive;coppices;turkey oak;3342.389215450332;113388.94510253149
aboveground biomass;productive;coppices;evergreen oaks;64418.59372784497;3074416.8232780364
aboveground biomass;productive;coppices;other broadleaves;56926.170718363785;908500.240314588
aboveground biomass;productive;coppices;conifers;5390.535598504701;273202.8073359509
aboveground biomass;productive;plantations;eucaliptuses coppices;300;30091.918092502787
aboveground biomass;productive;plantations;other broadleaves coppices;1070.857277810124;109220.21134415263
aboveground biomass;productive;plantations;poplars stands;5391.880761973529;512829.85186114366
aboveground biomass;productive;plantations;other broadleaves stands;4053.7962240711345;343784.440891366
aboveground biomass;productive;plantations;conifers stands;5187.648475031434;629665.2437915932
aboveground biomass;productive;plantations;others;61395.817261113785;1.4159425540196085E7
aboveground biomass;protective;other;rupicolous forest;71100;4329810.173503989
aboveground biomass;protective;other;riparian forest;0;0
aboveground biomass;protective;other;shrublands;568800;2.9550121999118976E7
aboveground biomass;NA;unstocked;gaps;28800;0
