pools;management;var3;inventory.tipology;surface;total.growing.stock
aboveground biomass;productive;stands;norway spruce;0;0
aboveground biomass;productive;stands;silver fir;0;0
aboveground biomass;productive;stands;larches;0;0
aboveground biomass;productive;stands;mountain pines;9225.99973393927;289288.2709680575
aboveground biomass;productive;stands;mediterranean pines;20137.445185984518;1161704.1178669117
aboveground biomass;productive;stands;other conifers;1908.8201736920296;95556.75251328174
aboveground biomass;productive;stands;european beech;3788.223070522697;140742.2164726436
aboveground biomass;productive;stands;turkey oak;12081.450394006164;645152.4867876923
aboveground biomass;productive;stands;other oaks;37624.48335122954;2144431.5160269295
aboveground biomass;productive;stands;other broadleaves;37633.5780906258;1829718.8881203206
aboveground biomass;productive;coppices;european beech;13722.042047722252;1736068.542805465
aboveground biomass;productive;coppices;sweet chestnut;2933.954731084004;336197.6881830994
aboveground biomass;productive;coppices;hornbeams;1437.1304635002887;50608.522976269946
aboveground biomass;productive;coppices;other oaks;27880.33371637437;993326.5922986597
aboveground biomass;productive;coppices;turkey oak;9675.102242286694;910185.3540071596
aboveground biomass;productive;coppices;evergreen oaks;8232.47664892946;738532.0697271252
aboveground biomass;productive;coppices;other broadleaves;2446.565147320873;68746.72139512993
aboveground biomass;productive;coppices;conifers;1172.5477089037686;89670.97528817815
aboveground biomass;productive;plantations;eucaliptuses coppices;300;30091.918092502787
aboveground biomass;productive;plantations;other broadleaves coppices;43.51403421177487;4438.137659918332
aboveground biomass;productive;plantations;poplars stands;219.0978095812393;20838.720697065673
aboveground biomass;productive;plantations;other broadleaves stands;488.8340732685991;41455.84515802871
aboveground biomass;productive;plantations;conifers stands;53.74945479662756;6523.989379981773
aboveground biomass;productive;plantations;others;2494.804628141759;575364.9343777624
aboveground biomass;protective;other;rupicolous forest;18000;1112319.6466090227
aboveground biomass;protective;other;riparian forest;0;0
aboveground biomass;protective;other;shrublands;51300;2704424.756375443
aboveground biomass;NA;unstocked;gaps;3600;0
