pools;management;var3;inventory.tipology;surface;total.growing.stock
aboveground biomass;productive;stands;norway spruce;2135.49440531603;8699.496529649447
aboveground biomass;productive;stands;silver fir;1734.1040988709592;175357.5034169128
aboveground biomass;productive;stands;larches;3666.382170180854;10948.557732762954
aboveground biomass;productive;stands;mountain pines;16559.01485017127;2709733.9007143513
aboveground biomass;productive;stands;mediterranean pines;28500.329647595914;4565414.377943788
aboveground biomass;productive;stands;other conifers;4437.344455146393;634740.2986845362
aboveground biomass;productive;stands;european beech;16037.992238145534;3952121.6111598853
aboveground biomass;productive;stands;turkey oak;5429.572821031027;1088851.1800951865
aboveground biomass;productive;stands;other oaks;12696.349829151799;1878888.0602704813
aboveground biomass;productive;stands;other broadleaves;19503.41548439023;3378185.290801328
aboveground biomass;productive;coppices;european beech;51908.72968273022;6545637.785812121
aboveground biomass;productive;coppices;sweet chestnut;122656.46337081166;1.6264370027385589E7
aboveground biomass;productive;coppices;hornbeams;66959.78144296685;4026064.9651589124
aboveground biomass;productive;coppices;other oaks;125754.390407024;5626647.266894819
aboveground biomass;productive;coppices;turkey oak;128010.4526278824;1.2313063563655471E7
aboveground biomass;productive;coppices;evergreen oaks;29834.333257195074;2668401.972069186
aboveground biomass;productive;coppices;other broadleaves;146006.69344498552;8830304.233700315
aboveground biomass;productive;coppices;conifers;15569.253917968232;1492214.846883269
aboveground biomass;productive;plantations;eucaliptuses coppices;0;0
aboveground biomass;productive;plantations;other broadleaves coppices;262.38006698237547;26760.99510376512
aboveground biomass;productive;plantations;poplars stands;2420.153508862323;230184.42362156702
aboveground biomass;productive;plantations;other broadleaves stands;850.2451792762583;72105.51478695603
aboveground biomass;productive;plantations;conifers stands;324.09740455618555;39338.22274857524
aboveground biomass;productive;plantations;others;15043.123840322862;3469324.1561247045
aboveground biomass;protective;other;rupicolous forest;37800;2333166.384595204
aboveground biomass;protective;other;riparian forest;2700;492874.642579903
aboveground biomass;protective;other;shrublands;101700;5355195.109825382
aboveground biomass;NA;unstocked;gaps;24300;0
