pools;management;var3;inventory.tipology;surface;total.growing.stock
aboveground biomass;productive;stands;norway spruce;100918.56889398293;2.9434995054084018E7
aboveground biomass;productive;stands;silver fir;20328.69416557926;7367066.387763263
aboveground biomass;productive;stands;larches;55899.73372989805;1.1286833180265352E7
aboveground biomass;productive;stands;mountain pines;33225.17078357473;6415519.004656169
aboveground biomass;productive;stands;mediterranean pines;0;0
aboveground biomass;productive;stands;other conifers;1015.6912320218897;123259.92907681884
aboveground biomass;productive;stands;european beech;2741.2586477048917;445992.49312708
aboveground biomass;productive;stands;turkey oak;1230.7057617165271;157731.51461932017
aboveground biomass;productive;stands;other oaks;1473.4243345659988;109554.95443031641
aboveground biomass;productive;stands;other broadleaves;4566.752450955728;581247.6357816516
aboveground biomass;productive;coppices;european beech;7603.420832515404;875358.3026049136
aboveground biomass;productive;coppices;sweet chestnut;2534.8585258731155;324062.8482731871
aboveground biomass;productive;coppices;hornbeams;12875.397125877924;800636.827479309
aboveground biomass;productive;coppices;other oaks;13912.99763688137;743947.4433500771
aboveground biomass;productive;coppices;turkey oak;3809.26127772162;360597.9359193145
aboveground biomass;productive;coppices;evergreen oaks;0;0
aboveground biomass;productive;coppices;other broadleaves;26632.089120872177;1777047.4279361842
aboveground biomass;productive;coppices;conifers;11831.836483862073;1283189.568130445
aboveground biomass;productive;plantations;eucaliptuses coppices;0;0
aboveground biomass;productive;plantations;other broadleaves coppices;0;0
aboveground biomass;productive;plantations;poplars stands;0;0
aboveground biomass;productive;plantations;other broadleaves stands;0;0
aboveground biomass;productive;plantations;conifers stands;10;0
aboveground biomass;productive;plantations;others;0;0
aboveground biomass;protective;other;rupicolous forest;34200;2158538.3461535815
aboveground biomass;protective;other;riparian forest;0;0
aboveground biomass;protective;other;shrublands;14400;775347.853632837
aboveground biomass;NA;unstocked;gaps;10800;0
