pools;management;var3;inventory.tipology;surface;total.growing.stock
aboveground biomass;productive;stands;norway spruce;0;0
aboveground biomass;productive;stands;silver fir;0;0
aboveground biomass;productive;stands;larches;0;0
aboveground biomass;productive;stands;mountain pines;11610.145261909049;1123425.7406022495
aboveground biomass;productive;stands;mediterranean pines;7220.308887024771;703064.0814016756
aboveground biomass;productive;stands;other conifers;905.300173090181;78737.82628686042
aboveground biomass;productive;stands;european beech;6317.579418786995;911977.4047384895
aboveground biomass;productive;stands;turkey oak;1813.4587918547222;219552.39696906
aboveground biomass;productive;stands;other oaks;4540.284136091771;396334.4934483403
aboveground biomass;productive;stands;other broadleaves;892.9233312425126;93510.9442181423
aboveground biomass;productive;coppices;european beech;12540.240392915583;1485089.8313356913
aboveground biomass;productive;coppices;sweet chestnut;5225.4461151878795;546340.2635483185
aboveground biomass;productive;coppices;hornbeams;38604.35488514639;1966583.092612277
aboveground biomass;productive;coppices;other oaks;102990.13707534311;3860025.343871633
aboveground biomass;productive;coppices;turkey oak;45628.8817378339;4139840.3486387637
aboveground biomass;productive;coppices;evergreen oaks;17197.56398580804;1441793.332903069
aboveground biomass;productive;coppices;other broadleaves;29366.054802407474;1393033.9972288532
aboveground biomass;productive;coppices;conifers;3147.7560638428836;246893.88036859245
aboveground biomass;productive;plantations;eucaliptuses coppices;0;0
aboveground biomass;productive;plantations;other broadleaves coppices;2;0
aboveground biomass;productive;plantations;poplars stands;6;0
aboveground biomass;productive;plantations;other broadleaves stands;0;0
aboveground biomass;productive;plantations;conifers stands;2;0
aboveground biomass;productive;plantations;others;0;0
aboveground biomass;protective;other;rupicolous forest;11700;725578.1406617216
aboveground biomass;protective;other;riparian forest;1800;330133.52863768645
aboveground biomass;protective;other;shrublands;30600;1618900.6214767066
aboveground biomass;NA;unstocked;gaps;4500;0
