pools;management;var3;inventory.tipology;surface;total.growing.stock
aboveground biomass;productive;stands;norway spruce;9755.375762288088;2091440.10236408
aboveground biomass;productive;stands;silver fir;909.0792084907349;253207.86491716508
aboveground biomass;productive;stands;larches;26530.8846869631;3830631.276963371
aboveground biomass;productive;stands;mountain pines;12880.763149956712;1693523.5042810768
aboveground biomass;productive;stands;mediterranean pines;0;0
aboveground biomass;productive;stands;other conifers;938.1455790441636;85927.17478529329
aboveground biomass;productive;stands;european beech;1883.3711750858897;393450.64660871006
aboveground biomass;productive;stands;turkey oak;0;0
aboveground biomass;productive;stands;other oaks;948.2880670268595;98234.76747252898
aboveground biomass;productive;stands;other broadleaves;4654.092371144452;634205.3047998715
aboveground biomass;productive;coppices;european beech;867.4197394425463;128692.65056283385
aboveground biomass;productive;coppices;sweet chestnut;2292.7940383325113;408054.3208924734
aboveground biomass;productive;coppices;hornbeams;1034.4611576378215;93037.60269487253
aboveground biomass;productive;coppices;other oaks;1214.6020662994233;97939.00562174243
aboveground biomass;productive;coppices;turkey oak;0;0
aboveground biomass;productive;coppices;evergreen oaks;0;0
aboveground biomass;productive;coppices;other broadleaves;1621.752619374172;159499.2625466186
aboveground biomass;productive;coppices;conifers;1068.9860094774776;171623.68300432165
aboveground biomass;productive;plantations;eucaliptuses coppices;0;0
aboveground biomass;productive;plantations;other broadleaves coppices;0;0
aboveground biomass;productive;plantations;poplars stands;0;0
aboveground biomass;productive;plantations;other broadleaves stands;0;0
aboveground biomass;productive;plantations;conifers stands;0;0
aboveground biomass;productive;plantations;others;0;0
aboveground biomass;protective;other;rupicolous forest;9000;562355.6308782705
aboveground biomass;protective;other;riparian forest;0;0
aboveground biomass;protective;other;shrublands;3600;191898.45320512293
aboveground biomass;NA;unstocked;gaps;5400;0
