pools;management;var3;inventory.tipology;surface;total.growing.stock
aboveground biomass;productive;stands;norway spruce;88481.52516434215;2.2149294292921163E7
aboveground biomass;productive;stands;silver fir;3717.1039285721804;1196204.4440853063
aboveground biomass;productive;stands;larches;16224.170298372068;2829788.2760666157
aboveground biomass;productive;stands;mountain pines;5811.517243052281;982447.3327981118
aboveground biomass;productive;stands;mediterranean pines;1047.0930337088166;114865.00855874068
aboveground biomass;productive;stands;other conifers;2859.619608753268;359198.15734758007
aboveground biomass;productive;stands;european beech;7823.957064075528;1800469.4176326108
aboveground biomass;productive;stands;turkey oak;1990.3266736828232;343862.3837624614
aboveground biomass;productive;stands;other oaks;2068.5948069433757;225720.99401013783
aboveground biomass;productive;stands;other broadleaves;5876.092178497507;839382.236881539
aboveground biomass;productive;coppices;european beech;27145.506504927955;3445910.07189543
aboveground biomass;productive;coppices;sweet chestnut;7010.830865445597;792454.7596356206
aboveground biomass;productive;coppices;hornbeams;35288.84337519041;2320123.2128656884
aboveground biomass;productive;coppices;other oaks;6978.510047395936;418978.70739426283
aboveground biomass;productive;coppices;turkey oak;4290.687260487425;397719.00825599884
aboveground biomass;productive;coppices;evergreen oaks;0;0
aboveground biomass;productive;coppices;other broadleaves;41357.7261045643;2875802.9575265627
aboveground biomass;productive;coppices;conifers;3928.0095339916356;513831.82230212557
aboveground biomass;productive;plantations;eucaliptuses coppices;0;0
aboveground biomass;productive;plantations;other broadleaves coppices;20.8648661288684;2128.075454576617
aboveground biomass;productive;plantations;poplars stands;4122.913972196213;392136.5206198905
aboveground biomass;productive;plantations;other broadleaves stands;34.19611329865951;2900.020386133542
aboveground biomass;productive;plantations;conifers stands;25.772723654471616;3128.235924460533
aboveground biomass;productive;plantations;others;1196.2523247217882;275885.9882448831
aboveground biomass;protective;other;rupicolous forest;20700;1246471.127391315
aboveground biomass;protective;other;riparian forest;22500;4006943.2907069875
aboveground biomass;protective;other;shrublands;34200;1756865.1112849722
aboveground biomass;NA;unstocked;gaps;6300;0
